frame,x,y,nss
38,0.5679431,0.9305042,1.0942490722751648
39,0.5697437,0.72300618,1.11276619778646
40,0.59868595,0.653389625,1.6111028342788238
41,0.59868595,0.64370984,1.5920000462184172
42,0.6058966,0.61876252,1.6072857303772166
43,0.6142156999999999,0.6161565,1.6307426733109123
44,0.6142156999999999,0.6117531,1.6431063090453442
45,0.618229665,0.610725,1.6588568096316167
46,0.618229665,0.610725,1.676333656075965
47,0.6176030699999999,0.609464555,1.665973418347931
48,0.61513705,0.607773865,1.649345054754399
49,0.61800855,0.607773865,1.6488460611626004
50,0.618229665,0.607773865,1.6821343840032696
51,0.6196265000000001,0.6079038999999999,1.6463346734515714
52,0.6196265000000001,0.6092414850000001,1.638563100988535
53,0.6176030699999999,0.611916675,1.6459371620242613
54,0.6176030699999999,0.6102269600000001,1.6492569268267994
55,0.6196265000000001,0.6102269600000001,1.6451678083544623
56,0.62106738,0.6102269600000001,1.6476167157133084
57,0.62250677,0.6102269600000001,1.6299922860535823
58,0.62106738,0.6099582299999999,1.643354316933433
59,0.619696625,0.60773814,1.6472351207091938
60,0.61829848,0.60773814,1.649581210274625
61,0.6181072,0.60437707,1.6703095207537384
62,0.61780262,0.605470935,1.6842717080566567
63,0.616014625,0.60894443,1.6823732898917911
64,0.613057195,0.60894443,1.6996136648567783
65,0.613057195,0.60894443,1.7140154332673807
66,0.6088248,0.605470935,1.7016125713684633
67,0.60807085,0.60165906,1.7002749205841334
68,0.590215025,0.544669675,1.6991163480687834
69,0.57534738,0.295222505,1.6962859096210747
70,0.574955165,0.25405951,1.6988103834253345
71,0.5686505,0.24829995,1.6991968745600121
72,0.5686505,0.24829995,1.7081581333671552
73,0.5642751500000001,0.24413785,1.7378511975221445
74,0.5642751500000001,0.24413785,1.7277065655698052
75,0.5642751500000001,0.24829995,1.742576353804641
76,0.56321733,0.24829995,1.7427543896851172
77,0.56321733,0.25114828,1.7357240198706068
78,0.5617177,0.257752535,1.732932510993682
79,0.5617177,0.259331,1.7208235064337414
80,0.565221025,0.2604281,1.7300587337539877
81,0.569777545,0.27189463,1.7608593667346522
82,0.569777545,0.273508225,1.7539055078073251
83,0.569172,0.27791776,1.748334956018066
84,0.569172,0.27982668,1.7295192544217237
85,0.569172,0.28081526,1.7140250876651877
86,0.569172,0.280963515,1.6911158003679878
87,0.5690894200000001,0.28101438,1.670726977387971
88,0.56896445,0.2818160349999999,1.6647163044885276
89,0.56896445,0.284226885,1.6518949110575392
90,0.56896445,0.28526555,1.6374666250540357
91,0.5689789000000001,0.284226885,1.6359435306835903
92,0.5690894200000001,0.28291795,1.6657249759196093
93,0.569109835,0.28291795,1.660608515214245
94,0.56986805,0.28291795,1.667803173014171
95,0.570680825,0.2833690199999999,1.6711086013349286
96,0.57149342,0.28507809,1.6727640905484642
97,0.576768905,0.286809335,1.6839138086644727
98,0.5822767,0.29321666,1.702006200187837
99,0.58385956,0.32929565,1.7111382348836661
100,0.58385956,0.33051857,1.772073137852947
101,0.5844044150000001,0.3313356,1.7963929542027592
102,0.585954425,0.33422631,1.8035067870146895
103,0.586748515,0.33422631,1.8319071142568584
104,0.586748515,0.33422631,1.824572829511758
105,0.5878753,0.33422631,1.8337526379183613
106,0.5878753,0.33422631,1.8269440692467651
107,0.5878753,0.3313356,1.8052366424536597
108,0.5878753,0.32811413,1.796305303536258
109,0.58631068,0.32811413,1.7869171017183625
110,0.585483325,0.32811413,1.795930611268329
111,0.585483325,0.3274091,1.821642037343532
112,0.585749575,0.3272516,1.8356249202678063
113,0.58631068,0.3272516,1.8364230355650235
114,0.58638072,0.3272516,1.848214240282922
115,0.58687802,0.327943875,1.8272667485906497
116,0.58687802,0.327943875,1.8025785990248218
117,0.58818795,0.32658324,1.7354045172404864
118,0.58856875,0.327943875,1.7215362951993458
119,0.589057135,0.32835406,1.8057209612906315
120,0.589057135,0.32922408,1.7758503957004417
121,0.58907647,0.32922408,1.7626224662687315
122,0.58907647,0.32922408,1.8990881034009954
123,0.58907647,0.32835406,1.9456972910654353
124,0.58930628,0.32835406,1.9386700833521808
125,0.58930628,0.32835406,1.864686083542859
126,0.5915305,0.32871157,1.8292207262952032
127,0.5915305,0.32871157,1.755442790721444
128,0.5915305,0.32792031,1.794503631477011
129,0.59017557,0.32871157,1.7379410279670091
130,0.59017557,0.32871157,1.6915947890436465
131,0.59017557,0.32871157,1.6794685917450582
132,0.5844852199999999,0.326153025,1.6404027624715856
133,0.5844852199999999,0.323604125,1.6654101660381069
134,0.5844852199999999,0.323604125,1.6571244883555034
135,0.5844852199999999,0.323604125,1.6356066766030024
136,0.5852685200000001,0.32387681,1.6147726637490536
137,0.5852685200000001,0.32387681,1.6618423369079043
138,0.587119285,0.344417765,1.668107856703876
139,0.59844196,0.38252282,1.6557745698858553
140,0.6259215,0.54981339,1.6362334000856746
141,0.6327136250000001,0.65507808,1.6211071414867164
142,0.63319465,0.6879456,1.5892926684398796
143,0.6336617499999999,0.6980715,1.5949960717336298
144,0.6336617499999999,0.706346395,1.5649046813530285
145,0.63612237,0.709973155,0.9035791467708967
146,0.63612237,0.710379185,0.9313524158340499
147,0.635436035,0.710379185,0.9212571912793243
148,0.63612237,0.709973155,0.89914047873374
149,0.6368201950000001,0.70887515,1.560275379750971
150,0.6368201950000001,0.70887515,1.5571744858449459
151,0.635436035,0.70887515,1.4980606879779903
152,0.635436035,0.7096451,1.4911958491721422
153,0.636862,0.7096451,1.4909204525138517
154,0.64195748,0.7096451,1.5306765922761902
155,0.64262955,0.714267685,1.0788428945490327
156,0.63943133,0.715092075,-0.8048614311092267
157,0.63943133,0.718637765,0.5194879549415999
158,0.64405757,0.718637765,0.9508779026077953
159,0.64713837,0.721770675,0.9577657398905342
160,0.6585692,0.7377975,0.9622872334878597
161,0.6872429,0.79540055,0.972076725342456
162,0.692815665,0.7992532,0.9500226800249502
163,0.69850674,0.8051868,0.9580002584757654
164,0.6998224200000001,0.806346835,0.9252997639178343
165,0.702445235,0.82024727,0.9211562958031655
166,0.6998224200000001,0.8357645,0.9198012674286477
167,0.69850674,0.842682325,0.9434663273080619
168,0.6956500999999999,0.8439622,0.9651486968386915
169,0.6878237,0.8517730299999999,0.9955759224829647
170,0.68761384,0.8517730299999999,0.9687260227889054
171,0.68761384,0.8517730299999999,1.0101827545773763
172,0.6878237,0.8434489249999999,1.0038356140061
173,0.6956500999999999,0.842784285,1.001111939395371
174,0.69693105,0.842784285,1.0399959860044625
175,0.69693105,0.8374158199999999,1.0408751124831983
176,0.69693105,0.8363706,1.020814894927419
177,0.69693105,0.8316492799999999,0.9806915150521219
178,0.69477373,0.8319866,0.9037938803778649
179,0.6927195,0.8316492799999999,0.8901081262628382
180,0.6927195,0.83523638,0.9294129546588608
181,0.6927195,0.8388080499999999,0.9393216434652008
182,0.69052178,0.83523638,0.9175417360586614
183,0.69017952,0.83101034,0.9694836827594749
184,0.68684145,0.83101034,1.0259729651942568
185,0.68684145,0.833447635,1.0244291658456848
186,0.69052178,0.833447635,1.0517590053520136
187,0.69393425,0.8388080499999999,1.0218912448795479
188,0.69393425,0.8404033799999999,0.994331396994954
189,0.7210657,0.877870775,0.9471742384757154
190,0.7983779,0.9405534,0.9124071093426418
206,0.81427014,0.9907989,-0.7842479637938893
207,0.81427014,0.98981268,-0.7845785687631213
208,0.8135624,0.9862088,-0.7840007935310626
209,0.81427014,0.9862088,-0.7856967207565045
210,0.8073535,0.9862088,-0.7889227642864135
211,0.8073535,0.98880565,-0.7901419410577833
212,0.8034493,0.98880565,-0.7846766384136348
213,0.80052114,0.98880565,-0.7843597478477037
214,0.8034493,0.98880565,-0.7876817486305898
215,0.8073535,0.9938992,-0.7879081421758758
216,0.8034493,0.99626106,-0.7883812171070376
217,0.80052114,0.99270606,-0.7881784764223965
218,0.80010414,0.99270606,-0.7862459129890178
220,0.8033292,0.99270606,-0.7868681782376595
221,0.80362236,0.99270606,-0.7822343844511679
222,0.80362236,0.99270606,-0.7864356492632623
223,0.80533636,0.99270606,-0.7822643224239897
224,0.80533636,0.98922345,-0.787112620841544
225,0.80533636,0.98922345,-0.7860921658801797
226,0.80533636,0.98922345,-0.7859643025699813
227,0.80753047,0.98922345,-0.7867988487470908
228,0.8053654,0.98922345,-0.7864493873976058
229,0.8053654,0.988719045,-0.787954664445925
230,0.80753047,0.988719045,-0.7871699050527308
231,0.8053654,0.988719045,-0.7864865537483834
232,0.8053654,0.9908691,-0.7877776393438485
233,0.8041596,0.99307863,-0.7872230287441241
234,0.8041596,0.99495286,-0.7827352542048386
235,0.8013968,0.99533738,-0.7808624296878922
236,0.79808414,0.99533738,-0.7817420629476041
237,0.79723173,0.99533738,-0.7821091376292736
238,0.7970720499999999,0.9955833,-0.7863544330312584
239,0.7764072,0.99635637,-0.785200628930438
429,0.30294782,0.9134153,0.9391146476931159
430,0.2504267,0.7597188,0.9682610324942612
431,0.038572926,0.4394589,-0.7308052119084869
432,0.038572926,0.4394589,-0.7282738640926214
592,0.15561819,0.00044781205,-0.7004523706957609
593,0.183995195,0.025178834025,-0.6989728143628718
594,0.2123722,0.049909856,-0.6988027685338806
595,0.2123722,0.049909856,-0.6980107135214181
596,0.2123722,0.049909856,-0.6990711958651624
597,0.2123722,0.049909856,-0.697488602745236
598,0.288085065,0.200300843,-0.6952094134178566
599,0.421541705,0.488462665,-0.6940466498720476
600,0.52045125,0.6794225,1.933792683837543
601,0.59539896,0.8036038,0.9330497696884693
602,0.59539896,0.8036038,0.9621007196583747
603,0.6183796,0.91623044,0.9401507091789727
619,0.7042879,0.9569101,-0.7156573871429167
620,0.6877401,0.6363865,1.840317897974748
621,0.6680356,0.54468775,1.8498912908200504
622,0.6680356,0.54468775,1.8427263623565993
623,0.6680356,0.54468775,1.8474743931647593
624,0.6680356,0.54468775,1.838780228315019
625,0.6680356,0.54468775,1.8285125115756107
626,0.6680356,0.54468775,1.8376658844635696
627,0.64606907,0.5425106500000001,1.8391899421116988
628,0.64606907,0.540590915,1.822870918642948
629,0.6425422000000001,0.540590915,1.8938718652712634
630,0.641234635,0.540590915,1.9028923168769611
631,0.641234635,0.5425106500000001,1.8883136079389617
632,0.6382905,0.5474707999999999,1.880859199462998
633,0.63803713,0.5539094250000001,1.86912302359173
634,0.630999805,0.5539094250000001,1.8790090275156035
635,0.630999805,0.5539094250000001,1.8341043440384026
636,0.630999805,0.550612535,1.8489258370243398
637,0.6302298,0.547574235,1.8805154937347233
638,0.6275668,0.547574235,1.8943439493013468
639,0.62747285,0.547101675,1.8961532830702252
640,0.6261063499999999,0.54654248,1.8823132911711682
641,0.6250424299999999,0.543213425,1.8776721333195916
642,0.6217041,0.5385055400000001,1.8511515892335895
643,0.6217041,0.5303995,1.850603974760461
644,0.62056207,0.38144833,-0.7137944544590815
645,0.61316713,0.3026637749999999,1.666854002682094
646,0.60759368,0.24163799,1.8455642131232726
647,0.60759368,0.1960583,-0.7189158253730334
648,0.6152073,0.1960583,-0.71577547204767
649,0.61624425,0.19125727,-0.7031080563248528
650,0.61632095,0.190890985,-0.7105845600057842
651,0.616825,0.190890985,-0.7127126706299419
652,0.61711268,0.1960583,-0.7082870374168745
653,0.6171146,0.2044864,-0.707297220035697
654,0.6171146,0.21141155,-0.7067079136002782
655,0.61711268,0.216728725,-0.7073560661089136
656,0.61711268,0.22535323,-0.7103935480115864
657,0.61556115,0.22628179,-0.7121518719779821
658,0.6126778399999999,0.2271346149999999,-0.7152335478713135
659,0.612044135,0.228374585,-0.7129830239275731
660,0.612044135,0.229036525,-0.7101221895771417
661,0.61184946,0.22988047,-0.7092088015811138
662,0.60705725,0.2301318,1.3945542290764934
663,0.6047068250000001,0.2319164699999999,1.9300704842733312
664,0.6047068250000001,0.2350754,1.9052671365361813
665,0.6005041,0.25878789,1.8494517336290073
666,0.59195047,0.3096970599999999,1.8099000988129472
667,0.59024304,0.33150171,1.820841018085906
668,0.58640283,0.33364463,1.8354644236209907
669,0.585134,0.33461213,1.864096045315964
670,0.5828495,0.33503783,1.8421453621261812
671,0.5825883,0.33461213,1.8852507014041409
672,0.5818017,0.33440673,1.872141191840653
673,0.5818017,0.33216727,1.8754621062090366
674,0.5818017,0.33178484,1.9159811138376204
675,0.5825883,0.32673058,1.9200050634401884
676,0.5825883,0.32499975,1.8981563841573241
677,0.5811082,0.32499975,1.913935053881654
678,0.5811681,0.32499975,1.9221709086601493
679,0.5811681,0.32673058,1.975244136649514
680,0.5811681,0.3285588,1.9741658046535386
681,0.58088677,0.330106325,1.9599868889114083
682,0.5804412,0.33086082,1.9788098991141745
683,0.58014315,0.33661115,1.971158073503622
684,0.57992625,0.33801273,1.9329628737180586
685,0.579786275,0.33881932,1.9288485430411377
686,0.57962126,0.3414895,1.9297929353915142
687,0.5794528,0.34251755,1.9118779998169455
688,0.57903427,0.3440454,1.920133276810866
689,0.5785601,0.3440454,1.915633836477197
690,0.578387,0.34251755,1.9236589944824218
691,0.578387,0.34251755,1.9347447415744305
692,0.578387,0.34024355,1.9120003650142643
693,0.578387,0.34024355,1.8885481104193107
694,0.57846326,0.34024355,1.91813599783577
695,0.57946956,0.3397904,1.9163830784993936
696,0.57979006,0.33887446,1.9093306862088422
697,0.58011883,0.33887446,1.880780170920341
698,0.58065796,0.33887446,1.885884572612291
699,0.5812291,0.32706115,1.9041267052135433
700,0.58221763,0.3230374,1.884319376134614
701,0.5823362,0.322565305,1.85725692230211
702,0.5977981,0.31956893,1.89311343018029
703,0.5977981,0.3155785,1.8960418064952078
704,0.6098228,0.31249976,-0.7143726094489012
705,0.71496797,0.26427335,1.9050838196333155
706,0.71525556,0.2631345,1.899118526570106
707,0.71525556,0.2631345,1.8873601822614965
708,0.71562535,0.245105685,1.9031295214267576
709,0.71562535,0.244314295,1.9113318987123493
710,0.71470207,0.2412797749999999,1.9326492885768802
711,0.7117518,0.2412797749999999,1.9296663381517274
712,0.7117518,0.2412797749999999,0.021207670030796186
713,0.7115889,0.2412797749999999,-0.7057120533676567
714,0.7115889,0.2412797749999999,-0.706705974780108
715,0.7115889,0.2412797749999999,-0.7090286827771519
716,0.71150597,0.25888875,-0.7102098022491552
717,0.7103224,0.275265905,-0.704829262696167
718,0.7103224,0.28755152,-0.6988670915014247
719,0.7079861,0.29677033,-0.6939701548114425
720,0.70759046,0.3050775,-0.6895775032735934
721,0.70653147,0.30618474,-0.6881911703661326
722,0.7063979,0.31057364,-0.7132240259732255
723,0.7050648,0.3127188,-0.6837325864151501
724,0.70256126,0.3127188,-0.7112230599884974
725,0.7014783,0.31587473,-0.7095644368791292
726,0.7014783,0.31805623,-0.7041178155558011
727,0.70063305,0.32168189,-0.7018578228488132
728,0.6874931,0.32581383,-0.6987048229489636
729,0.6266556299999999,0.32602222,-0.7092978036312151
730,0.5989131,0.33189636,1.9363276753846665
731,0.5909569,0.34074873,1.9537076991953715
732,0.5903541,0.34214556,1.9526834665881743
733,0.5901513,0.344414,2.0020700330220733
734,0.58754674,0.34576124,2.0482793314786827
735,0.58754674,0.36210987,2.075445208043408
736,0.58741266,0.36271828,2.0594685078972517
737,0.5873544,0.36271828,2.095511716447689
738,0.5870828,0.36271828,2.1001512463864143
739,0.5841735,0.3634075,2.0105746499125656
740,0.58225983,0.36271828,1.9979908855167094
741,0.581248,0.36114684,2.1705496145097825
742,0.58033586,0.3602969,2.081879749427815
743,0.58012116,0.3602969,2.127141729227425
744,0.58033586,0.3602969,2.1339699631795677
745,0.5816523,0.36327845,2.0382827523970386
746,0.58177537,0.36264485,1.9801117982709884
747,0.5816523,0.36327845,2.011080130234612
748,0.58177537,0.3661704,1.9137258015967904
749,0.5830418,0.3721705,1.9451218394044933
750,0.5822279,0.37490025,1.9234107333402115
751,0.58242023,0.3721705,1.8705285317515583
752,0.58242023,0.37166792,1.9077361116142004
753,0.5836559,0.37166792,1.8725259487971488
754,0.58429366,0.3704326,1.9566726699466446
755,0.58665216,0.36767757,1.9409524966846166
756,0.58942646,0.34927505,1.9769496805025646
757,0.6094717,0.31385735,1.9744862133368022
758,0.6144625,0.31208783,2.00778597556675
759,0.6196828,0.31208783,2.04758796336194
760,0.62024593,0.31208783,2.040513705861123
761,0.62024593,0.31385735,1.917072991089793
762,0.62024593,0.31385735,1.9417888228295566
763,0.62024593,0.31241167,2.0536276105615907
764,0.6196828,0.31421667,2.1469020800412633
765,0.6196828,0.31421667,2.1363250652132573
766,0.61933756,0.31251532,2.1425759883196362
767,0.61898565,0.31241167,2.1108400927582815
768,0.6190468,0.31241167,2.0661091880256692
769,0.6201848,0.31104618,2.0734664282465123
770,0.6201848,0.31104618,2.108271955185701
771,0.6200587,0.31057814,2.128474442916792
772,0.6200587,0.31026867,2.10610351553841
773,0.6184784,0.31026867,2.091809500232523
774,0.6184784,0.31026867,2.0618959960564482
775,0.6200587,0.3031909,2.08143787077068
776,0.6200587,0.3031909,2.0618749315034535
777,0.6200587,0.3031909,2.0145949864158363
778,0.6184784,0.3031909,1.973785384884006
779,0.6184784,0.3135569,1.9752246824046273
780,0.6187384,0.3135569,1.968236563067291
781,0.6203059,0.3135569,1.9890071487785954
782,0.6203059,0.3135569,2.0531976868394826
783,0.6187384,0.3170461,2.0737912189124397
784,0.61769426,0.31714812,2.068338590357778
785,0.6167009,0.3174963,2.0929624618685034
786,0.5989167,0.3202639499999999,2.1075974087418476
787,0.49030256,0.507388065,2.122800564305457
788,0.422518585,0.616779135,2.109706367164469
789,0.39374694,0.67136913,-0.6767533831761475
790,0.38830817,0.7048918,-0.6717601022752818
791,0.37268025,0.712203,-0.6743879922596064
792,0.37139286,0.713761475,-0.6932572516882803
793,0.37054768,0.722588835,-0.6927026297439739
794,0.36988926,0.722588835,-0.6873883810023148
795,0.361164035,0.71902296,-0.6802523241147551
796,0.360415285,0.71750713,-0.6940729699332677
797,0.358490225,0.7168472,-0.7053271823178984
798,0.35762326,0.7168472,-0.7047168239666685
799,0.35572243,0.7181988,-0.6929261399752338
800,0.35572243,0.7181988,-0.6923713271184958
801,0.35572243,0.7181988,-0.6897224891914353
802,0.35572243,0.7181988,-0.6865322597728347
803,0.35572243,0.7181988,0.33264693073525387
804,0.36000642,0.7181988,0.3849505742107847
805,0.36000642,0.71966773,0.8036524432803845
806,0.3654297,0.73218083,0.8435218896729421
807,0.366035,0.73218083,0.8012511160054705
808,0.37309563,0.7241219,-0.7150476750319845
809,0.3697004,0.7276920250000001,0.849472271859327
810,0.3697004,0.7276920250000001,-0.28505405123056027
811,0.36949503,0.73218083,0.6567611713740059
812,0.37355685,0.7364054,0.905677384820122
813,0.37355685,0.74172328,0.911298858807607
814,0.37355685,0.74358785,0.7946089137003456
815,0.3704535,0.74172328,0.4498739421435758
816,0.362293525,0.74172328,0.614416732924108
817,0.362293525,0.73830473,0.6596989076308045
818,0.362293525,0.73830473,0.725285608166889
819,0.362293525,0.7325597500000001,0.7321890948866666
820,0.362293525,0.731725365,0.27592918766644015
821,0.362293525,0.731725365,0.7615525157475903
822,0.365444155,0.731725365,0.7154923828665243
823,0.367185725,0.7325597500000001,0.5299185966031575
824,0.3701136,0.7337284,0.4015414109490395
825,0.3701136,0.7337284,0.4970875459110842
826,0.37136778,0.73951721,0.5474443322021011
827,0.37160623,0.7441187,0.632434506761424
828,0.37160623,0.7441187,0.529998995711281
829,0.3719818,0.73978865,0.6291775673166291
830,0.3719818,0.7337284,0.5781332151109976
831,0.3779382,0.7313984,0.5179754819229467
832,0.40810627,0.6803015,2.0440525645395478
833,0.40813695,0.65578824,2.0698399078396847
834,0.4794859999999999,0.58389122,1.9693321823655556
835,0.48198122,0.57286802,1.9854374497872553
836,0.48326123,0.56634322,1.9144403715716725
837,0.484729125,0.56527192,1.8863833385252435
838,0.4848953099999999,0.56619118,1.8979756417027476
839,0.48491916,0.56634322,1.8950343745704663
840,0.48491916,0.56619118,1.849148737444471
841,0.4848953099999999,0.56619118,1.8704339120246793
842,0.486613275,0.56696395,1.9319194868746334
843,0.48491916,0.568897695,1.8578547826067662
844,0.48113117,0.568897695,1.8516717944800185
845,0.4811292849999999,0.56696395,1.8377264620687312
846,0.480220095,0.5697869,1.7962831873711416
847,0.480003435,0.5759084,1.8001648627180493
848,0.4790585,0.578160615,1.7971425315698566
849,0.471637145,0.6146273499999999,1.8954178829565598
850,0.4606785049999999,0.65392028,1.893488267773568
851,0.4569555,0.65944034,1.8926446598135565
852,0.454142455,0.6609941,1.8333832346533543
853,0.4528308,0.66708042,1.8362817832067477
854,0.45101047,0.6697814,1.7980496771159629
855,0.44891229,0.68488145,1.803416718285508
856,0.44891229,0.68535733,1.7852464300796898
857,0.44790164,0.68535733,1.7944135066895615
858,0.44380397,0.6910433,1.82995436474342
859,0.442906875,0.6910433,1.8328575047509088
860,0.44790164,0.6910433,1.8143513557273105
861,0.45101047,0.69934,1.7781943308189672
862,0.45250405,0.6910433,1.7503432890279271
863,0.4556837,0.6910433,1.7407779522916567
864,0.45449224,0.6910433,1.7444590355641405
865,0.45449224,0.6856871849999999,1.755910422469825
866,0.45449224,0.6888459499999999,1.743765465978119
867,0.443422165,0.7015877,1.7369786492920487
868,0.441719535,0.7015877,1.699244524695324
869,0.44009155,0.7015877,1.7084783347315358
870,0.40673146,0.7026096,1.728470944446641
871,0.374797405,0.7159094500000001,1.735576399764627
872,0.373698725,0.720516355,1.7538389018723781
873,0.37281081,0.72480517,1.7203760929465959
874,0.36969892,0.72480517,1.7115541781828365
875,0.3692514,0.72480517,1.713011715197468
876,0.3678688799999999,0.7316094,1.7619462447162586
877,0.366301665,0.7316094,1.7825454352968042
878,0.366301665,0.7347905800000001,1.799096268258163
879,0.366301665,0.7347905800000001,1.7973389658863224
880,0.366301665,0.7347905800000001,1.8430538537074685
881,0.36776942,0.7364524,1.829294972207874
882,0.36776942,0.7456441,1.8224307127042882
883,0.368559265,0.7474624350000001,1.8141664301791858
884,0.37022415,0.7474624350000001,1.839340339664438
885,0.3746941,0.7474624350000001,1.858970483018932
886,0.37022415,0.7472726,1.8669650967512486
887,0.36794072,0.7472726,1.8680447565679839
888,0.36763686,0.742339,1.8404286058070294
889,0.36763686,0.7350787249999999,1.8587226700468344
890,0.3677087599999999,0.735010325,1.8809695762670966
891,0.3677087599999999,0.735010325,1.8682981638425433
892,0.36716251,0.735010325,1.8705954042387167
893,0.36716251,0.735010325,1.8396602423047161
894,0.368737315,0.74051344,1.8304138517529946
895,0.36959085,0.74206317,1.7948468612192032
896,0.37248605,0.742703475,1.7970965337043157
897,0.37376398,0.754974365,1.7799885137637352
898,0.37558888,0.75856062,1.7491048240965
899,0.377122935,0.75856062,1.7374682622655981
900,0.3876573749999999,0.7650613,1.7221410967792188
901,0.4129137,0.7678944000000001,1.0079659797000209
902,0.41776198,0.7794217,1.0143398394243972
903,0.4182616799999999,0.78570743,1.0186260265436038
904,0.41888309,0.78570743,1.003444842247756
905,0.42067635,0.78570743,0.9636356525287454
906,0.42067635,0.78570743,0.9244919988362027
907,0.41819825,0.78482676,0.8977493434935363
908,0.4129137,0.77928573,0.8828178804674601
909,0.410668765,0.7719682999999999,0.9054536356485879
910,0.409513085,0.7719682999999999,0.8661475950174677
911,0.408498785,0.76984245,0.8840985613524669
912,0.4078939849999999,0.76984245,1.114582645096314
913,0.408498785,0.76887643,1.8393284462828108
914,0.408498785,0.7662742499999999,0.9382131601957316
915,0.409513085,0.765713,0.9316658090498248
916,0.42834706,0.7491934499999999,0.9303756578999562
917,0.51210535,0.54984766,1.7890423782998226
918,0.5362443,0.5171487,1.8022125230273438
919,0.6088048,0.43729258,1.7963629217735455
920,0.61923254,0.41611004,1.8071215866819816
921,0.62842244,0.414591165,1.82114327973869
922,0.6366094200000001,0.410816175,1.7861373823950748
923,0.6366094200000001,0.40633163,1.785532413383014
924,0.63709258,0.406255435,1.726250572389485
925,0.6379952,0.406255435,1.7083762980868529
926,0.6379952,0.40628614,1.6758344435290822
927,0.639935215,0.406255435,1.663269357400616
928,0.639935215,0.40633163,1.7043072307348142
929,0.639935215,0.40912366,1.747733000924254
930,0.6363084000000001,0.415014595,1.7763812438007514
931,0.6363084000000001,0.41519192,1.7467483412191853
932,0.6363084000000001,0.41867977,1.7665493548292266
933,0.6481697500000001,0.422319085,1.7648050738084013
934,0.6363084000000001,0.422319085,1.7629793357598342
935,0.6360462,0.422319085,1.7610680667064424
936,0.6179883,0.422319085,1.7569915967495673
937,0.5985559,0.4153657,1.7513671852355503
938,0.5723783,0.38252977,1.7539465153328735
939,0.56349403,0.31833628,1.7369898556530723
940,0.56028381,0.308102275,1.7455199952672864
941,0.55957545,0.308102275,1.7495857130710537
942,0.5593413,0.308102275,1.7254939182059363
943,0.5589478,0.308102275,1.7454852053001493
944,0.55957545,0.30984049,1.7894938948157602
945,0.5593761,0.314112375,1.783816213813796
946,0.55978215,0.314112375,1.7844994187036909
947,0.56028381,0.314112375,1.7732028774864097
948,0.5659237500000001,0.31477067,1.77268872523419
949,0.5664557,0.31477067,1.78459788939284
950,0.5674721,0.31589252,1.7987719132675584
951,0.5693455,0.319111465,1.8166089278039694
952,0.5693964,0.319111465,1.820504294522021
953,0.5693964,0.31963044,1.8496769278589866
954,0.5693964,0.322862675,1.8572118413383434
955,0.5693964,0.32411432,1.845626813953942
956,0.5695039,0.32411432,1.8379251410366013
957,0.57042027,0.322862675,1.8690710774408565
958,0.57042027,0.32014397,1.9155497718283243
959,0.57042027,0.32112595,1.9411741585660576
960,0.57042027,0.32112595,1.9710303895098475
961,0.569554,0.32014397,1.9367823989787223
962,0.569554,0.31470165,1.905857811155002
963,0.569554,0.31461635,1.8732413209409784
964,0.569554,0.3138556249999999,1.8593757937210458
965,0.56780016,0.3107339,1.840451002289509
966,0.56775904,0.307944,1.9119839092412585
967,0.56775904,0.30779472,1.9261929269493765
968,0.56780016,0.30779472,1.8401911915175222
969,0.5692761,0.307944,1.9026890951040523
970,0.5692761,0.3107339,1.9127217970392687
971,0.5704074,0.31201118,1.9578673528836457
972,0.57217265,0.31201118,1.9316433367671066
973,0.5724572,0.31201118,1.9329550972312042
974,0.573906685,0.31201118,1.8507659444818745
975,0.5741013,0.30675003,1.8351876638147733
976,0.5741013,0.30624154,1.8216753383053996
977,0.57502582,0.30624154,1.7693487447884033
978,0.57505023,0.30624154,1.8420136509746068
979,0.5761188,0.30624154,1.8252975024146105
980,0.5761188,0.3059669,1.8963257603753365
981,0.5787073,0.3059669,1.9124613091833684
982,0.5787073,0.3059669,1.8861603479255886
983,0.57943857,0.3104135,1.883545588125897
984,0.57943857,0.3059669,1.8883815648187987
985,0.57943857,0.30195512,1.8683395609288787
986,0.57943857,0.30057696,1.8642476559986125
987,0.56105363,0.29837862,1.8654948773112006
988,0.5608643,0.2980924,1.8621459626991985
989,0.5608643,0.2980924,1.849751332557611
990,0.5608643,0.2980924,1.8160293144080508
991,0.56105363,0.29810166,1.8191587222432364
992,0.56632066,0.30183417,1.8248550287301637
993,0.5727021999999999,0.31704837,1.8424322207739305
994,0.57574654,0.3383363,1.8268605021140334
995,0.5789948,0.33931273,1.8662491700303223
996,0.57989705,0.33931273,1.8705546583921413
997,0.57989705,0.33931273,1.8931506579112771
998,0.5789948,0.33931273,1.8594522241034972
999,0.5789948,0.33709416,1.8465676753580154
1000,0.571929,0.32969406,1.8781363142319467
1001,0.57182074,0.32946616,1.9365947329091615
1002,0.5715844,0.32833284,1.9387378928097665
1003,0.5715844,0.32833284,1.9867391133512546
1004,0.5715844,0.32833284,2.014349687754092
1005,0.5715844,0.32946616,2.0430275786505305
1006,0.5690195,0.32969406,1.9824463542106707
1007,0.56981665,0.3347103,2.0227155627627775
1008,0.57316935,0.34498504,2.0018230676642994
1009,0.57792354,0.3508555,1.9980225950627515
1010,0.57792354,0.3508799,1.9860686223817607
1011,0.5813043,0.3508799,1.9667077459920463
1012,0.58196867,0.3508799,1.9826781421780957
1013,0.58234334,0.3508799,1.979558693746983
1014,0.58234334,0.3412847,1.9656081408331207
1015,0.58234334,0.3363745,1.9499602021118843
1016,0.58283806,0.33591092,1.9451880724037045
1017,0.58283806,0.3346002,1.9563791597009266
1018,0.58283806,0.3346002,1.9314824774643957
1019,0.58283806,0.3349697,1.9429458017155694
1020,0.582745,0.3351313,1.9310336550000309
1021,0.58315563,0.33591092,1.9393645166777354
1022,0.58315563,0.33643532,1.9605406355010253
1023,0.58315563,0.33983493,2.012756710047623
1024,0.58341336,0.33983493,2.0338321303251847
1025,0.5842911,0.33983493,2.04583923314016
1026,0.58538127,0.33983493,2.057811502443397
1027,0.58546984,0.33983493,2.030108454829702
1028,0.5865807,0.33983493,2.0710323681159104
1029,0.5865807,0.339135,2.0211715825744
1030,0.5865807,0.3377173,2.0512509531180685
1031,0.5861341,0.3377173,2.0464606988471146
1032,0.5872805,0.33797002,2.036401076024671
1033,0.58703214,0.339135,2.020932663510311
1034,0.5861341,0.339135,2.026974540531387
1035,0.5861341,0.3392926,2.0480108455077572
1036,0.5865421,0.3401615,2.0328410606758576
1037,0.5865421,0.3484136,2.002318120464687
1038,0.58723223,0.3605478,1.9961002260422684
1039,0.58723223,0.3605478,1.9762758965378024
1040,0.58723223,0.3637539,1.9562748425995917
1041,0.58723223,0.3637539,1.9449385794623388
1042,0.58811414,0.3637539,1.990098260310509
1043,0.58811414,0.3637539,2.0014947585286844
1044,0.58811414,0.355324535,2.0468972954683555
1045,0.5876081200000001,0.36725652,2.0234718984340643
1046,0.5866894,0.369435265,2.0523115345548204
1047,0.5866894,0.3712694,1.9889457877754961
1048,0.585899625,0.37488493,1.9615359396787033
1049,0.58118564,0.3712694,1.8998393854043274
1050,0.5808722,0.3721917999999999,1.8754220051133492
1051,0.57857305,0.3721917999999999,1.7924802603403711
1052,0.57857305,0.3721917999999999,1.7782910341511395
1053,0.58033395,0.37141854,1.7810200502238458
1054,0.57958335,0.36842048,1.732447589840704
1055,0.58033395,0.36839837,1.7765363320781948
1056,0.58033395,0.36828133,1.7492868536313622
1057,0.58033395,0.36434734,1.7632323154920082
1058,0.5804919,0.36372226,1.677924987874069
1059,0.5804919,0.36368003,1.7015175161044744
1060,0.58033395,0.36349325,1.6701646589079724
1061,0.5794294,0.3615294,1.6615705575515072
1062,0.5804919,0.361503645,1.6743517361993856
1063,0.5804919,0.36098015,1.703625789936212
1064,0.5809678,0.36096257,1.7040949213425094
1065,0.5809678,0.36088455,1.6711841535406131
1066,0.5831247,0.360718,1.6749476315825496
1067,0.5833495,0.36088455,1.7406950033545845
1068,0.5833495,0.36088455,1.756070927578861
1069,0.5833495,0.361648935,1.574956174905978
1070,0.58888828,0.36511314,1.6164328754634132
1071,0.5834173,0.36544496,1.61704760850581
1072,0.5834173,0.36726411,1.6402865859082412
1073,0.58888828,0.36922523,1.6573776798014657
1074,0.5874862,0.37239665,1.7150001708969012
1075,0.5874862,0.37393886,1.698161462523018
1076,0.5874862,0.3762529,1.674207497181245
1077,0.5874862,0.3762529,1.7317070663598788
1078,0.589307605,0.37731697,1.8142637603691851
1079,0.589307605,0.3777534,1.8747366169709354
1080,0.589307605,0.377519175,1.910614396696556
1081,0.5895195,0.3762529,1.880646749693439
1082,0.5905632000000001,0.3777534,1.9114131262732998
1083,0.5905632000000001,0.3777534,1.907560086633582
1084,0.5905632000000001,0.3778851,1.9075873840513249
1085,0.5905632000000001,0.37794283,1.9088991356580265
1086,0.5905632000000001,0.37827706,1.9475987834376218
1087,0.5908332350000001,0.37827706,1.9534103977828834
1088,0.58219886,0.37828259,1.944817016912304
1089,0.5814514,0.37828259,1.9391908755857155
1090,0.5785488,0.37784833,1.9305963265689041
1091,0.56881315,0.37701428,1.974824122282385
1092,0.53470504,0.37493145,1.970101794177259
1093,0.53470504,0.37493145,1.9496207726014687
1094,0.53470504,0.37493145,1.9412534265078984
1095,0.23210157,0.07650439,-0.7049751072903517
1096,0.23210157,0.07650439,-0.7016142473058931
1097,0.14548717,0.07650439,-0.7047530700707603
1098,0.094121486,0.07650439,-0.7072597543721453
1099,0.094121486,0.07650439,-0.7143450033200364
1100,0.09013134,0.092883125,-0.708557869211408
1101,0.08302329,0.094047755,-0.710287236348324
1102,0.08302329,0.094047755,-0.7061189749808856
1103,0.07430126,0.09656483,-0.7058254822888098
1104,0.07430126,0.09656483,-0.7070243947389433
1105,0.07430126,0.09656483,-0.7094134012226464
1106,0.07430126,0.09949076,-0.7098510828162805
1107,0.07430126,0.10053212,-0.7114620293572552
1108,0.07430126,0.10053212,-0.7119065123503505
1109,0.07357595,0.09949076,-0.7119238172702284
1110,0.06909055,0.09949076,-0.7162938410447396
1111,0.06909055,0.09949076,-0.7112572525790285
1112,0.06625177,0.10061729,-0.7077497590970622
1113,0.065448314,0.10061729,-0.7601062909644747
1114,0.065448314,0.10061729,-0.754464288770092
1115,0.065448314,0.10061729,-0.7218315002991443
1116,0.065448314,0.10296755,-0.7016026647630936
1117,0.065448314,0.10296755,-0.7071927166665457
1118,0.059540696,0.10585764,-0.7261303611399398
1119,0.058142234,0.10585764,-0.7257297056975774
1120,0.058142234,0.10585764,-0.7152372204622475
1121,0.05676719,0.10585764,-0.7299426305635334
1122,0.05676719,0.10509409,-0.7352447624110342
1123,0.05676719,0.10509409,-0.7306789289649861
1124,0.059540696,0.10509409,-0.723304252825167
1125,0.052046522,0.10509409,-0.7235921769629903
1126,0.052046522,0.10509409,-0.730736793221349
1127,0.05684789,0.10509409,-0.731947650071126
1128,0.05684789,0.21919523,-0.7228183914357224
1129,0.05684789,0.21919523,-0.7268243508269592
1130,0.05495227,0.22282104,-0.7241232247443923
1131,0.052239127,0.22282104,-0.727992572485971
1132,0.052239127,0.22282104,-0.7190513513708284
1133,0.05495227,0.22282104,-0.7318279061112287
1134,0.052239127,0.22191538,-0.7189962305660713
1135,0.052239127,0.22191538,-0.7256806465629909
1136,0.048927147,0.22069429,-0.7278700122563196
1137,0.04889048,0.22069429,-0.7346117465039144
1138,0.04889048,0.22069429,-0.7389554405744106
1139,0.0486467,0.21724407,-0.7374800704199636
1140,0.0486467,0.21724407,-0.7428677738130809
1141,0.0486467,0.21724407,-0.7425547985537548
1142,0.0486467,0.20234987,-0.7454010505808607
1143,0.059967034,0.012019864,-0.7426773444387682
1144,0.059967034,0.012019864,-0.7429565426283398
1184,0.1791068,0.040343165,-0.700603145102549
1185,0.1791068,0.040343165,-0.7108197026788213
1186,0.1791068,0.040343165,-0.725647143510202
1187,0.1791068,0.040343165,-0.7193826331248753
1188,0.1791068,0.040343165,-0.731609222629873
1189,0.1791068,0.040343165,-0.7404534000394061
1190,0.1791068,0.040343165,-0.7410427570051475
1191,0.1791068,0.040343165,-0.7428366619904859
1192,0.1791068,0.040343165,-0.738864036394782
1193,0.1791068,0.040343165,-0.7376147489509636
1194,0.1791068,0.040343165,-0.7384182743189913
1195,0.1791068,0.040343165,-0.738105012511219
1196,0.1087192,0.38335827,-0.7384521696015381
1197,0.075930245,0.41740936,-0.7340565085699163
1198,0.0722998425,0.49376568,-0.73120299630171
1199,0.0722998425,0.49376568,-0.7358484158162394
1200,0.070433065,0.49376568,-0.7428817143268066
1201,0.0706560375,0.51546119,-0.7453950051574716
1202,0.07087901,0.5466826,-0.7333523385725136
1203,0.070433065,0.552624,-0.7419596326206702
1204,0.070433065,0.5527899,-0.007670513196131313
1205,0.07011911,0.5588686,0.6022552673545396
1206,0.06378257,0.56268066,0.4860670721410675
1207,0.06262236,0.59376025,0.3953860518755228
1208,0.06262236,0.59376025,0.4304436875374179
1209,0.06262236,0.59376025,0.3579968191483684
1210,0.06262236,0.59376025,0.3491590404893146
1211,0.06262236,0.59376025,0.27344644100029236
1212,0.06530132,0.59376025,0.32735330692800546
1213,0.067520045,0.59242123,0.3469729495832107
1214,0.06844473,0.5921675,0.37998679263299445
1215,0.068645954,0.58079773,0.2890362233343514
1216,0.068645954,0.58079773,0.3421936216906829
1217,0.07132048,0.58079773,0.4195637203850332
1218,0.07536641,0.58079773,0.4725224696774742
1219,0.07551221,0.58079773,0.45240467907315446
1220,0.10217142,0.58079773,0.4408600675625435
1221,0.14954945,0.58654606,0.41913840019962745
1222,0.14954945,0.58654606,0.4238502758124453
1223,0.27796993,0.6124135,-0.7435327820418973
1224,0.28004557,0.61326516,-0.7424971687853223
1225,0.2803834,0.6164697,-0.7450560819147137
1226,0.2849729,0.6179102,-0.7476664454948124
1227,0.29710597,0.6179102,-0.7476121026025173
1228,0.2972034,0.6179102,-0.7346251359740699
1229,0.29814696,0.6179102,-0.7389307643098761
1230,0.29843947,0.6179102,-0.7533926432876271
1231,0.29843947,0.611684,-0.7356765164071501
1232,0.29843947,0.611684,-0.7349513243203862
1233,0.29814696,0.611684,-0.7390347822021991
1234,0.29814696,0.611684,-0.7368649089668375
1235,0.29814696,0.61188436,-0.740954004493993
1236,0.29843947,0.61188436,-0.7408515968784594
1237,0.29843947,0.61188436,-0.739705099130439
1238,0.31592792,0.61188436,-0.7425129507340742
1239,0.4209553,0.47776806,-0.7459952196976701
1240,0.47545344,0.39219397,-0.7457755257354145
1241,0.47545344,0.39219397,-0.7406628007632329
1242,0.5569632,0.24480486,1.7435068829994562
1243,0.5590434,0.23746055,1.7428343498218222
1244,0.5590434,0.23746055,1.7515825639657514
1245,0.5590434,0.23746055,1.710744397851194
1246,0.5590434,0.23746055,1.7431848611013916
1247,0.5590434,0.23746055,1.7435689491238588
1248,0.5440492,0.29576656,1.7586250615230714
1249,0.5438794,0.29576656,1.7271590422944991
1250,0.5438794,0.3028637,1.7398697109293784
1251,0.5438794,0.3028637,1.7421963486462122
1252,0.5440492,0.3199223,1.7257940121377962
1253,0.55238295,0.35194363,1.7158619673953774
1254,0.5534272,0.35194363,1.7208481654628398
1255,0.584396115,0.35194363,1.727675225595216
1256,0.5943352,0.36058313,1.7193987876437928
1257,0.5951425,0.35194363,1.7341918822241646
1258,0.5951425,0.331631455,1.7360608599621132
1259,0.5951425,0.323915315,1.744457701900115
1260,0.5943352,0.3231424499999999,1.7367631542900943
1261,0.5902366,0.3231424499999999,1.7288229671056623
1262,0.59018025,0.323915315,1.7258907828275596
1263,0.58957335,0.323915315,1.742894241999689
1264,0.58957335,0.326025935,1.7537734054131302
1265,0.58957335,0.326025935,1.7355458260304681
1266,0.5890286,0.33198595,1.7515147496234218
1267,0.5876401,0.33601916,1.7649323841348594
1268,0.587107725,0.336459875,1.7329415459596862
1269,0.587102585,0.339265095,1.7256851065447898
1270,0.58662998,0.3394373149999999,1.6380546587470366
1271,0.58299798,0.34566048,1.6150483417374863
1272,0.58199013,0.34566048,1.6488433781107927
1273,0.58199013,0.34566048,1.5989228178833426
1274,0.58283668,0.34673115,1.6294462165484778
1275,0.58283668,0.34673115,1.6126354665740747
1276,0.58283668,0.34673115,1.6245262441080524
1277,0.58283668,0.3471316,1.6501482665765133
1278,0.58283668,0.34782205,1.6290438682381363
1279,0.58309435,0.34782205,1.6281435138532154
1280,0.58309435,0.34812431,1.6196008214247264
1281,0.58309435,0.348251225,1.6233335509716933
1282,0.58410465,0.35088335,1.6260049207262413
1283,0.58410465,0.352533995,1.6311650341313997
1284,0.584500935,0.352533995,1.6096984149410352
1285,0.584500935,0.35317241,1.5755716677130869
1286,0.584148575,0.35317241,1.5805094277348484
1287,0.584148575,0.35317241,1.6003081677525164
1288,0.584148575,0.352533995,1.572527956529364
1289,0.584148575,0.352533995,1.6074069216546771
1290,0.582152,0.352533995,1.6558528648264663
1291,0.57665414,0.35624883,1.6872431063271165
1292,0.57665414,0.363204955,1.7238955019567552
1293,0.50628273,0.468462795,1.7738636548212612
1294,0.49632025,0.50446373,1.79923971131286
1295,0.49276477,0.5175719,1.8534082420061875
1296,0.49113047,0.5524532200000001,1.8840157777233941
1297,0.49113047,0.5524532200000001,1.8356226328127623
1298,0.490698085,0.56052197,1.8661344243456046
1299,0.48777257,0.56078463,1.8513123880209374
1300,0.48777257,0.5613364,1.8546502648652239
1301,0.490698085,0.5613364,1.8680468357118698
1302,0.48777257,0.5613364,1.8625149814967064
1303,0.48777257,0.5623498,1.85533892349878
1304,0.48777257,0.5639904,1.857434668410078
1305,0.48777257,0.5639904,1.8335757225551264
1306,0.491858605,0.56420666,1.899596306926482
1307,0.491858605,0.5639365,1.8867580497025715
1308,0.494326735,0.56274855,1.8635057390601641
1309,0.49654982,0.5617579500000001,1.8821182543828534
1310,0.49932978,0.5500204,1.8801903745363278
1311,0.50807056,0.52582938,1.8728526866533537
1312,0.5623946,0.43250233,1.8355915198467512
1313,0.562732775,0.421625495,1.8257614017023287
1314,0.5769109,0.389812055,1.835732205969773
1315,0.5776061,0.37510866,1.8279652858983506
1316,0.5781656,0.3751064699999999,1.806001869630864
1317,0.5781656,0.3751064699999999,1.7840297092618298
1318,0.58019006,0.3723618549999999,1.7369893758165131
1319,0.58019006,0.37377319,1.7453992890648937
1320,0.58019006,0.37377319,1.72735098552591
1321,0.58019006,0.3751064699999999,1.745061815227185
1322,0.58554105,0.38087347,1.7681848657889303
1323,0.58554105,0.37858585,1.7777305950016011
1324,0.5815118,0.3821148749999999,1.796283937758143
1325,0.5815118,0.3821148749999999,1.7988792978982309
1326,0.5815118,0.38378027,1.7984334534220916
1327,0.5815118,0.38378027,1.774535771815489
1328,0.58062452,0.38378027,1.7973024195319058
1329,0.58062452,0.382808115,1.7929174159631704
1330,0.58062452,0.382808115,1.8215325674025935
1331,0.57984112,0.382808115,1.8106051656834443
1332,0.57984112,0.384338825,1.7931773665245672
1333,0.57828407,0.385285635,1.8022791228470076
1334,0.57828407,0.38598138,1.8357779061739308
1335,0.578369185,0.38598138,1.8048972041705311
1336,0.578612745,0.38598138,1.8102683375849524
1337,0.578612745,0.38598138,1.8320189497004866
1338,0.578612745,0.3868655,1.8471851492856102
1339,0.578612745,0.38778345,1.8469487089399192
1340,0.578612745,0.3885189599999999,1.8345814811940668
1341,0.58309882,0.3885189599999999,1.8487307348027955
1342,0.5831666,0.38778345,1.8338956218687212
1343,0.5831666,0.38778345,1.825936712954687
1344,0.58309882,0.3885189599999999,1.8349260453518286
1345,0.580993265,0.3885189599999999,1.822647794671309
1346,0.580993265,0.3885189599999999,1.8258194777415484
1347,0.5787698,0.386433385,1.8259554435550582
1348,0.5787698,0.386433385,1.8377506819445897
1349,0.5787698,0.384907245,1.7750529227527236
1350,0.5787698,0.38399392,1.683485430488757
1351,0.57951327,0.33884656,1.6689553370730834
1352,0.58007555,0.30323002,1.674959422828002
1353,0.58007555,0.30323002,1.6444238837827518
1354,0.5867729500000001,0.30323002,1.6605984822591944
1355,0.5898232999999999,0.30323002,1.6717471362635807
1356,0.59004052,0.306911165,1.628162317864248
1357,0.59004052,0.30887805,1.6406415856272005
1358,0.59004052,0.310234375,1.629962907603773
1359,0.58593535,0.31033194,1.784069372108429
1360,0.58593535,0.31033194,1.7382095707639822
1361,0.586485375,0.310234375,1.7345085956031965
1362,0.58593535,0.30887805,1.687431753261631
1363,0.58515453,0.3053995499999999,1.651554380939552
1364,0.58593535,0.30362685,1.67137537758858
1365,0.586485375,0.296144755,1.699691808506709
1366,0.5886609,0.29420218,1.7094773493166373
1367,0.5908865000000001,0.29331711,1.6413676995119537
1368,0.5886609,0.2914588,1.6349456258200108
1369,0.5886609,0.2902164,1.6405124428198732
1370,0.5895362500000001,0.2902164,1.6804787392932479
1371,0.5869241350000001,0.2853326,1.6859817995521809
1372,0.5895362500000001,0.2853326,1.7168874035175001
1373,0.58480096,0.2853326,1.7441008098733903
1374,0.58331853,0.28602783,1.7328796502059076
1375,0.58077776,0.29077481,1.7355109586693798
1376,0.58070177,0.2914008,1.6917101483292787
1377,0.5381112,0.37088823,1.6855929248319625
1378,0.5037345400000001,0.45553845,1.6768440633833666
1379,0.4513589799999999,0.54788923,1.6647385916211581
1380,0.44288513,0.5775888,1.6644032612290416
1381,0.442395785,0.5775888,1.6541453855241914
1382,0.43374205,0.59398717,1.6596793860546746
1383,0.4326721,0.59541947,1.6288709569375692
1384,0.4326721,0.59541947,1.6388239540625542
1385,0.43168932,0.59398717,1.6313701472490472
1386,0.43374205,0.5907048,1.6505395840218204
1387,0.43481113,0.58894354,1.6295477165013057
1388,0.4341075599999999,0.5898453800000001,1.6406872105834016
1389,0.4341075599999999,0.590320285,1.6346666437184885
1390,0.4341075599999999,0.5907048,1.6521153181478045
1391,0.4341075599999999,0.5944938,1.6500827602800783
1392,0.4357003849999999,0.5950445799999999,1.6605470673432516
1393,0.43620917,0.602217425,1.6543622240829596
1394,0.4357003849999999,0.61453855,1.6877895124544242
1395,0.433297395,0.619692275,1.6897696585553916
1396,0.42863956,0.62122035,1.6625304765201496
1397,0.42237374,0.6360353,1.6588673972127816
1398,0.4209527199999999,0.63801694,1.6532877889722701
1399,0.420531525,0.6516343,1.6518840957594312
1400,0.419178425,0.67041564,1.623774112163813
1401,0.419178425,0.67253138,1.6354573575162676
1402,0.419178425,0.67873764,1.6461490623949788
1403,0.4209527199999999,0.68078756,1.6773808905720708
1404,0.42364585,0.68078756,1.7014592629202085
1405,0.4241401,0.681369735,1.72391557359843
1406,0.4241401,0.688466575,1.7512746983711112
1407,0.4241401,0.69117,1.749723736904818
1408,0.4241401,0.69253451,1.7887626349272654
1409,0.42364585,0.69117,1.77853442235663
1410,0.42192492,0.688798905,1.7968841951810297
1411,0.42060977,0.688798905,1.762287651609528
1412,0.42060977,0.68447623,1.7628947627963314
1413,0.41978154,0.68144226,1.7374091723757932
1414,0.412184015,0.67371132,1.7374178046003332
1415,0.410437005,0.67371132,1.7141618337980185
1416,0.40618703,0.67371132,1.6896317190982413
1417,0.40618703,0.67222285,1.6613309109486996
1418,0.410527965,0.6791403,1.67401781636495
1419,0.41713476,0.6791403,1.6845783394897975
1420,0.42649996,0.67371132,1.6829862981780683
1421,0.42664656,0.67371132,1.6944089924552075
1422,0.4932044,0.6023248,1.7053393915905637
1423,0.5338943,0.495668975,1.6863418656474412
1424,0.5503762,0.29405087,1.6858425562431822
1425,0.5546137,0.29405087,1.6891264208203811
1426,0.5622836,0.28960353,1.6944342885266006
1427,0.5671073,0.28960353,1.6973043530811214
1428,0.56842554,0.28960353,1.6976159378364588
1429,0.56976765,0.288750755,1.6977415118114023
1430,0.57178426,0.288750755,1.7092891781139445
1431,0.5714955,0.29964307,1.72587760730572
1432,0.5714955,0.30027765,1.7294654230896518
1433,0.5714955,0.3008695,1.728271530695521
1434,0.5714955,0.29920653,1.728349439092946
1435,0.57014906,0.29920653,1.7344362262174937
1436,0.57014906,0.29845357,1.7467400392595929
1437,0.57014906,0.29815072,1.7818131044199563
1438,0.57014906,0.2967429,1.7838596769561625
1439,0.57014906,0.2967429,1.7986242430304538
1440,0.578582835,0.28491893,1.7971435052521505
1441,0.5821032,0.28491893,1.7917203344456412
1442,0.5821032,0.28491893,1.804902379035426
1443,0.5821032,0.28491893,1.815497988149426
1444,0.5821032,0.28872579,1.8149775417750353
1445,0.5821032,0.28967626,1.8036589451271536
1446,0.5815476,0.28967626,1.8102722771448692
1447,0.5815476,0.3093837,1.7913450368418002
1448,0.5814914,0.346216185,1.7881208772606065
1449,0.5814914,0.3475166,1.766069331561114
1450,0.5794589,0.35395473,1.7484875382177243
1451,0.5815476,0.35395473,1.7669714504402052
1452,0.5815476,0.35503625,1.766552245461454
1453,0.5812832,0.3686592,1.767177162057187
1454,0.5791532,0.37129056,1.7844123934546963
1455,0.5792817,0.37129056,1.765801388214547
1456,0.5820948,0.37129056,1.7695299843714665
1457,0.5820948,0.3726947,1.7984555960207866
1458,0.5820948,0.3826787,1.812802554227761
1459,0.5812832,0.3832862,1.8214083270796797
1460,0.5816271,0.3854146,1.8163057811782128
1461,0.5820948,0.3854146,1.8197681200309397
1462,0.5816271,0.38546968,1.8318327627626767
1463,0.5812062,0.38725692,1.8184507467340738
1464,0.58017695,0.38725692,1.8086336306487112
1465,0.5786334,0.38546968,1.800496638215213
1466,0.57539845,0.38546968,1.8233926265355598
1467,0.5749116,0.38546968,1.823403931190271
1468,0.5749116,0.38024354,1.8167445638076931
1469,0.5750655,0.38024354,1.8198534625985452
1470,0.5750655,0.38024354,1.7997642692682552
1471,0.57539845,0.37913552,1.8267992775914563
1472,0.5755839,0.37913552,1.821397476556114
1473,0.57668006,0.37846527,1.7972526064184582
1474,0.5769144,0.37846527,1.7983050471530744
1475,0.57668006,0.3792322,1.8271189160301202
1476,0.5769144,0.3793535,1.8081553267718753
1477,0.57668006,0.3793535,1.8051395393630059
1478,0.57668006,0.3793535,1.7996719684235922
1479,0.57535017,0.3793535,1.78073401103425
1480,0.57471293,0.37889403,1.7738748871211112
1481,0.5743416,0.378075,1.7611890918310873
1482,0.57362413,0.37695428,1.7522936835450433
1483,0.57362413,0.37695428,1.7568176133710003
1484,0.5736365,0.37611489,1.7476114986427194
1485,0.5743416,0.37724763,1.7509821597247395
1486,0.5743416,0.37764937,1.75577118305126
1487,0.5743416,0.37764937,1.756207573402168
1488,0.5743046,0.37764937,1.7519532416364807
1489,0.5747842,0.37724763,1.7504211218952532
1490,0.5747842,0.3742476,1.760627076578774
1491,0.5754756,0.35335612,1.7538187979977562
1492,0.5754756,0.3460515,1.7654065312783394
1493,0.58453747,0.3389963,1.766847278278969
1494,0.590652,0.33559525,1.7528589696499124
1495,0.590652,0.3348872,1.767222957404795
1496,0.590652,0.3348872,1.7820615541790075
1497,0.590652,0.33364773,1.7745288452159191
1498,0.590528,0.33364773,1.778098717677979
1499,0.590528,0.32551205,1.7689338259969003
1500,0.590528,0.32551205,1.781271997704965
1501,0.590528,0.32279542,1.8066931249489737
1502,0.590528,0.32135943,1.8015194064949072
1503,0.5921979,0.31978095,1.7879239210957925
1504,0.5943723,0.3186922,1.799536158389271
1505,0.5943723,0.318410125,1.8146789488798125
1506,0.5943723,0.31591824,1.796556617017033
1507,0.5943723,0.3130058,1.7995729930830064
1508,0.5943723,0.30723995,1.8334113417632711
1509,0.59299135,0.30704343,1.8636251192946631
1510,0.59299135,0.30664277,1.8353717194923433
1511,0.59299135,0.30664277,1.8700145537410144
1512,0.59299135,0.30664277,1.839702777343635
1513,0.5948592,0.30704343,1.8488936172202073
1514,0.5948592,0.30704343,1.8282788772240706
1515,0.5948592,0.30704343,1.8531147026238879
1516,0.5970356,0.30911425,1.8598551786378952
1517,0.5970356,0.31098858,1.8330239085573086
1518,0.5890768,0.31098858,1.81950083696582
1519,0.5890768,0.3102479,1.8433975416257038
1520,0.5860182,0.3102479,1.8511527170592204
1521,0.5837251,0.3102479,1.8325875616324485
1522,0.58306897,0.3122198,1.8227106244796907
1523,0.5828009,0.3122198,1.8539610256661363
1524,0.57964563,0.3122198,1.8643315267532992
1525,0.57723373,0.3154522,1.8753900087155646
1526,0.57723373,0.31635368,1.8507868202626614
1527,0.57723373,0.32504016,1.8309298654462047
1528,0.57743,0.33091348,1.8769490808834257
1529,0.5795844,0.3322241,1.9113769919362493
1530,0.5827656,0.333741,1.9133576271736612
1531,0.5827656,0.3343855,1.886612079156956
1532,0.5827656,0.3343855,1.8519055268642837
1533,0.5827656,0.33521953,1.8442535175688515
1534,0.5816018,0.33521953,1.8469531057355453
1535,0.58130443,0.33521953,1.9129790200613725
1536,0.57880855,0.34082884,1.904331484892216
1537,0.57815576,0.34326386,1.8900780194863203
1538,0.5777621,0.34470683,1.9140103209494173
1539,0.57742214,0.34494537,1.911091307978734
1540,0.57742214,0.34494537,1.8558592233669697
1541,0.5770758,0.34494537,1.9014641447376048
1542,0.57494926,0.34494537,1.8270915414421556
1543,0.5743202,0.34494537,1.8304915068619592
1544,0.57376534,0.34494537,1.8465744287365717
1545,0.5732865,0.34494537,1.849711353647481
1546,0.57311624,0.3420813,1.75022052527771
1547,0.5531709,0.34082255,1.7003552624465275
1548,0.50511897,0.28153577,-0.7366227496702602
1549,0.4028831,0.10689451,-0.738393529384712
1550,0.4028831,0.10689451,-0.7431830160741538
1551,0.4028831,0.10689451,-0.7411255758798709
1552,0.4028831,0.10689451,-0.7402885691542309
1553,0.4028831,0.10689451,-0.7421615440306035
1554,0.4028831,0.10689451,-0.7405396645804503
1555,0.4028831,0.10689451,-0.7351330957737976
1556,0.4028831,0.10689451,-0.7262494438560264
1557,0.4028831,0.10689451,-0.7093073309080918
1558,0.4028831,0.10689451,-0.7195895044006531
1642,0.6719524,0.27337307,-0.7409466571966545
1643,0.6719524,0.27337307,-0.7399863329117542
1644,0.68199885,0.32237792,-0.7428402185843728
1645,0.677929985,0.446485385,1.6279770498758004
1646,0.67368025,0.54109445,1.6757063614035301
1647,0.6719524,0.58729275,1.691392667530096
1648,0.660106885,0.62604375,1.7521661261672574
1649,0.647662585,0.646563775,1.7189270142511883
1650,0.63709044,0.65502465,1.6515361821751784
1651,0.63709044,0.6901859,1.6552874872022236
1652,0.6349932,0.7160107,1.6985731154622836
1653,0.6349175,0.7160107,1.7151412901680103
1654,0.6335633,0.7192456,1.7375654174652304
1655,0.6319854,0.7249538,1.7347315431243593
1656,0.6285325,0.72666335,1.7115145634090885
1657,0.6285325,0.72666335,1.726385038750619
1658,0.6285325,0.72666335,1.711943977419406
1659,0.6319854,0.72666335,1.7215825561307048
1660,0.64489985,0.6770574,1.7104515710776045
1661,0.64489985,0.6736473,1.7310283141045113
1662,0.64573836,0.67062914,1.7333825542446026
1663,0.6471257,0.6670887,1.7234569245380245
1664,0.65374976,0.6613701,1.7139610883610867
1665,0.65444773,0.6613701,1.718130963183787
1666,0.65374976,0.6613701,1.7155990942224653
1667,0.6527021,0.66047496,1.7167005616449325
1668,0.6552582,0.6547719,1.7441792987490008
1669,0.6560347,0.65452224,1.7323093032488985
1670,0.6552582,0.6499309,1.770924495227138
1671,0.65525115,0.64859205,1.774086589008972
1672,0.65480846,0.64859205,1.7800909345607014
1673,0.65480846,0.64859205,1.7706670562925686
1674,0.65480846,0.64859205,1.7724331847142891
1675,0.65480846,0.64859205,1.764935587970662
1676,0.65480846,0.64859205,1.7760541199033657
1677,0.65480846,0.64859205,1.7732179617378843
1678,0.65480846,0.64859205,1.8009423994027849
1679,0.65480846,0.64859205,1.8100121466565051
1680,0.61526373,0.4311037475,1.8440420775862438
1681,0.572684585,0.212016875,1.831243811096779
1682,0.5693322075,0.212016875,1.8841278555681091
1683,0.5673941225000001,0.212016875,1.854349934715262
1684,0.565222675,0.213615445,1.8528481049957324
1685,0.55851704,0.238663075,1.8371912185182087
1686,0.5554412,0.24299857,1.7641889027787627
1687,0.5473051,0.245300665,1.7518867468045949
1688,0.54653347,0.2552975,1.750319156507307
1689,0.54653347,0.26666024,1.7378959455567407
1690,0.5473051,0.28329126,1.7439329823876968
1691,0.54852605,0.29152542,1.7248283491174081
1692,0.549425305,0.360303665,1.7557822686429387
1693,0.54964765,0.371879925,1.7338634933905237
1694,0.5518088,0.374154355,1.7332334374342246
1695,0.5518236,0.37603354,1.697501959871335
1696,0.5518236,0.3778009,1.6633057994614973
1697,0.5521253150000001,0.3788644949999999,1.6533900493307534
1698,0.5533657,0.3778009,1.6439404912855242
1699,0.553372505,0.3788644949999999,1.6378596778234287
1700,0.553372505,0.3778009,1.615772906346801
1701,0.552841675,0.373098805,1.621720152006965
1702,0.552240405,0.37201017,1.6221830715168788
1703,0.552240405,0.371847485,1.6357916326666107
1704,0.5518969,0.37171578,1.595441942691252
1705,0.549403825,0.37171578,1.5807241541689245
1706,0.549403825,0.37171578,1.5925489811526283
1707,0.549403825,0.3715775,1.6270227407154707
1708,0.54917593,0.3713439,1.614309046353455
1709,0.5480479,0.3713439,1.6250863473348527
1710,0.5480479,0.3715775,1.6162116890552691
1711,0.5480479,0.3713439,1.62461980857799
1712,0.5480479,0.37116326,1.618518081815326
1713,0.5480479,0.369552495,1.6145409702513167
1714,0.547163685,0.36768499,1.623039124189255
1715,0.547163685,0.366423425,1.6263609093376397
1716,0.547021875,0.365302875,1.6213080551541137
1717,0.547021875,0.36229148,1.6336402138460384
1718,0.547021875,0.362045805,1.6126464469811892
1719,0.547415125,0.36169213,1.6112082040984341
1720,0.547415125,0.36169213,1.5991767862744037
1721,0.5474776800000001,0.3618137,1.6232457554321118
1722,0.549429595,0.36229148,1.6236967627992756
1723,0.549429595,0.363804895,1.6408396725539327
1724,0.549429595,0.363804895,1.6478632786117648
1725,0.549429595,0.364977925,1.6579466548403838
1726,0.54862055,0.3664364049999999,1.6622870729972765
1727,0.54862055,0.3664364049999999,1.6576425057536444
1728,0.5481924,0.366107535,1.6283415921939128
1729,0.5467954349999999,0.364977925,1.6024318256958014
1730,0.5467954349999999,0.363804895,1.6407686505239536
1731,0.5477073,0.359864165,1.6517902687104462
1732,0.5470858000000001,0.359864165,1.6245093007625588
1733,0.54594282,0.3520209199999999,1.596616123024403
1734,0.54378387,0.34810694,1.5853238384552357
1735,0.54142609,0.347223505,1.597042067787595
1736,0.51800525,0.337817015,1.591764053324489
1737,0.44524527,0.14879301,-0.7616218460342411
1738,0.38142237,0.0936523385,-0.7614779095481565
1739,0.38142237,0.0936523385,-0.7568835518090883
1740,0.38142237,0.0936523385,-0.7613517179586258
1741,0.38142237,0.0936523385,-0.7570993121573205
1742,0.38142237,0.0936523385,-0.7552729398789478
1743,0.38142237,0.0936523385,-0.7546565280142572
1744,0.38142237,0.0936523385,-0.7591293942519621
1745,0.38142237,0.0936523385,-0.7582808283631242
1746,0.38142237,0.0936523385,-0.7577961135271096
1747,0.38142237,0.0936523385,-0.7482333549373402
1793,0.4577068,0.068053074,-0.7675817737679266
1794,0.4577068,0.068053074,-0.7483194300762255
1795,0.4577068,0.068053074,-0.7667612977941618
1796,0.4891851,0.241059307,-0.7676877619594867
1797,0.52275255,0.41406554,1.5630989392511958
1798,0.5248417,0.4725638949999999,1.5815853266097772
1799,0.5262965,0.586576175,1.5817727209615033
1800,0.5329621,0.6765443,1.5842834389891147
1801,0.5424279,0.6796112,1.5648593937171367
1802,0.5424279,0.7266205,1.563291504697542
1803,0.5424279,0.7266205,1.5467206163945055
1804,0.5424279,0.7266205,1.5485788653415185
1805,0.5424279,0.7266205,1.5618812946633125
1806,0.5424279,0.7266205,1.5714343471558863
1807,0.5424279,0.7266205,1.572202054963671
1808,0.5424279,0.7266205,1.590665154690886
1809,0.539528845,0.7266205,1.5925717093954392
1810,0.5308342,0.722726375,1.6102857017573933
1811,0.5293576499999999,0.72063448,1.6117408434074496
1812,0.5235779,0.71949288,1.608125536769421
1813,0.5214273,0.72063448,1.6182006518902268
1814,0.5214273,0.71949288,1.605410225765395
1815,0.5214273,0.71949288,1.623267011632046
1816,0.5214273,0.7185454950000001,1.6127039174932007
1817,0.5214273,0.7185454950000001,1.6190793274958906
1818,0.523357155,0.7157569500000001,1.637506546653603
1819,0.5244464,0.7131406499999999,1.6428839780172657
1820,0.52461632,0.7131406499999999,1.6365838382059459
1821,0.52461632,0.7131406499999999,1.631841132402982
1822,0.5210516249999999,0.7091074900000001,1.6256492502518636
1823,0.51647563,0.704382955,1.606301450183023
1824,0.51508707,0.7029348,1.6125794119387775
1825,0.51139793,0.6861267,1.6179130002443403
1826,0.4277139,0.6343776000000001,1.5958822981585945
1827,0.38328734,0.60678023,-0.7670780305968906
1828,0.37511247,0.605973455,-0.767598061044949
1829,0.36867028,0.60538495,-0.768557231599481
1830,0.36604756,0.60341075,-0.7682135337906307
1831,0.35820371,0.59984785,-0.768609036778902
1832,0.35820371,0.5994875399999999,-0.7675872195125535
1833,0.36009377,0.5994875399999999,-0.7669661453509802
1834,0.36192131,0.5991992,-0.7673804981763521
1835,0.36192131,0.59901525,-0.771258927422058
1836,0.36254022,0.5958635999999999,-0.7725509466511158
1837,0.36254022,0.5958635999999999,-0.7686766076847587
1838,0.36254022,0.59901525,-0.7625506049116695
1839,0.36254022,0.59901525,-0.7639166667183034
1840,0.365596785,0.6072223,-0.765090852267699
1841,0.365596785,0.60891056,-0.7548368979742738
1842,0.3604983499999999,0.60891056,-0.7611151013143145
1843,0.3600112199999999,0.60891056,-0.7622092863474216
1844,0.3600112199999999,0.6045344,-0.7639874562712164
1845,0.35491203,0.6023152,-0.7644917418722974
1846,0.354183955,0.5991951,-0.7725826098269107
1847,0.354183955,0.59336815,-0.7756310791825496
1848,0.354183955,0.5928714500000001,-0.7713473050504411
1849,0.36063728,0.59262025,-0.7758299693496145
1850,0.36275983,0.5879772,-0.7713464472710886
1851,0.36491321,0.5879772,-0.7708575707804008
1852,0.36914265,0.5879772,-0.769629315352354
1853,0.36914265,0.5879772,-0.7682831943132536
1854,0.3696427,0.59206975,-0.7669251129664763
1855,0.3696427,0.5926493500000001,-0.7619954525314211
1856,0.3696427,0.5926493500000001,-0.7611648558386459
1857,0.3697182,0.5954536,-0.7661830506350688
1858,0.3697182,0.6032364,-0.7697546682762579
1859,0.3697182,0.6046704,-0.7668724120306312
1860,0.36797036,0.61300925,-0.761028781940643
1861,0.36225682,0.6194283,-0.7654800637864979
1862,0.36134918,0.6239426,-0.7653092758253601
1863,0.36006293,0.62947478,-0.7661755901793844
1864,0.35904115,0.6299883,-0.7608667093402206
1865,0.35780668,0.6299883,-0.7625686391375215
1866,0.3533873,0.6299883,-0.7632400953536217
1867,0.351940435,0.6313636499999999,-0.7655601757976005
1868,0.34986879,0.63379675,-0.7605271054815266
1869,0.34831697,0.63425624,-0.758351616432675
1870,0.3438950149999999,0.638632215,-0.7659705910537
1871,0.3427226,0.6384724,-0.7666267013679532
1872,0.3427226,0.6404365000000001,-0.7668001720325586
1873,0.3421908,0.6431374000000001,-0.7663370195459206
1874,0.34056783,0.64379025,-0.7705265226087991
1875,0.33336119,0.65099295,-0.7595596574151764
1876,0.329645635,0.65099295,-0.7688792780922836
1877,0.329645635,0.6435183550000001,-0.7747147343050848
1878,0.329645635,0.6435183550000001,-0.781450918032147
1879,0.33118358,0.6435183550000001,-0.7785256028613323
1880,0.333852765,0.6435183550000001,-0.7774548732410805
1881,0.333852765,0.6435183550000001,-0.7727210696284895
1882,0.333852765,0.6366333,-0.7780278929222657
1883,0.333852765,0.6350921949999999,-0.7895528223422316
1884,0.333852765,0.634898525,-0.789235331240449
1885,0.33341593,0.626847415,-0.7887650482188414
1886,0.33187711,0.6248710749999999,-0.7900379297272907
1887,0.33187711,0.6227711,-0.7866517734082368
1888,0.33187711,0.6227711,-0.7862360265552434
1889,0.33187711,0.6227711,-0.7816470544997374
1890,0.33187711,0.6227711,-0.7785047981884595
1891,0.33187711,0.63562125,-0.7786710937327322
1892,0.33793306,0.6386807,-0.7710255756317572
1893,0.35507625,0.64146674,-0.76827289154671
1894,0.35507625,0.65925425,-0.7689892514059092
1895,0.35695195,0.65925425,-0.7673225638459842
1896,0.35695195,0.6592712,-0.767815074558368
1897,0.35749388,0.6592712,-0.7655717038748109
1898,0.35749388,0.6592712,-0.7670768613888699
1899,0.35880723,0.66089606,1.1737623446348449
1900,0.35880723,0.6634218,1.6543752678540469
1901,0.35880723,0.66788938,1.636237483678118
1902,0.35880723,0.66788938,1.6195698025644527
1903,0.35880723,0.670999935,1.6415750716489501
1904,0.35880723,0.67283535,1.6223086168103478
1905,0.3575104799999999,0.67837715,1.6104964775748838
1906,0.360973365,0.68319255,1.6160375614053644
1907,0.3615764999999999,0.6933697249999999,1.6174153416049024
1908,0.3615764999999999,0.729094505,0.3686201800057963
1909,0.36212647,0.72955205,0.3646956953760924
1910,0.3615764999999999,0.735746625,1.0947174476835988
1911,0.348742455,0.7375461999999999,1.0752705592352247
1912,0.348742455,0.7375461999999999,1.0850544177473687
1913,0.34407043,0.7604314,1.0744192749371215
1914,0.34133738,0.7608117000000001,1.0798308762319229
1915,0.33446634,0.7642704499999999,1.0769881511838717
1916,0.33446634,0.7642704499999999,1.0761704766259277
1917,0.33446634,0.7642704499999999,1.0922044425004311
1918,0.33446634,0.7642704499999999,1.1032441484870068
1919,0.33446634,0.75991976,1.1182286256160934
1920,0.33446634,0.7551776649999999,1.1347565730612454
1921,0.33553767,0.7551776649999999,1.1317459850589078
1922,0.34191568,0.7545233,1.1318132485668435
1923,0.3473576,0.7545233,1.137660999598581
1924,0.3473576,0.7511609,1.1410317714407245
1925,0.3473576,0.7511609,1.1334950718647803
1926,0.3473576,0.7511609,1.13654889225423
1927,0.3473576,0.744879,1.1383447596461875
1928,0.34508847,0.733744115,1.1325620315367464
1929,0.33916086,0.733744115,1.1431897550912047
1930,0.33756548,0.7323829,1.1427328574985818
1931,0.33578384,0.7323829,1.1406971617905357
1932,0.33528428,0.7323829,1.140257632890494
1933,0.332543895,0.7317584699999999,1.1367979275244042
1934,0.32978178,0.7317584699999999,1.1285665598188175
1935,0.329299005,0.7317584699999999,1.1226131442323668
1936,0.28400948,0.7313823,-0.7486283494549973
1937,0.25429127,0.72844888,-0.7487626692379289
1938,0.24829658,0.7244153,-0.7483202228290485
1939,0.24829658,0.7244153,-0.7486029582828989
1940,0.24829658,0.7244153,-0.7481607496977964
1941,0.24829658,0.7244153,-0.7441341034824495
1942,0.25001866,0.7244153,-0.7349652050819714
1943,0.254586,0.730915015,-0.7359346498560938
1944,0.25767848,0.730915015,-0.734702749120136
1945,0.2616144,0.730915015,-0.736379136348024
1946,0.2616144,0.7344584000000001,-0.7359995736799273
1947,0.25967026,0.73507525,-0.7377307903727808
1948,0.25767848,0.7344584000000001,-0.7386613966182431
1949,0.25702563,0.7344584000000001,-0.7566823424851653
1950,0.25695275,0.733104465,-0.7579111652730169
1951,0.254306915,0.72596695,-0.7483378544794131
1952,0.2531808949999999,0.7248698149999999,-0.7659245597535785
1953,0.25015696,0.7248698149999999,-0.7633780333168048
1954,0.24858706,0.7248698149999999,-0.760735247056429
1955,0.24925813,0.7248698149999999,-0.7579161398856933
1956,0.24858706,0.72596695,-0.7574082737602852
1957,0.246490045,0.729670555,-0.7608151862446279
1958,0.2447450199999999,0.729670555,-0.7555485923453592
1959,0.24214676,0.72975795,-0.7570687966351058
1960,0.24214676,0.72975795,-0.7641798975302402
1961,0.24552669,0.729670555,-0.7625921919233317
1962,0.24552669,0.7244569949999999,-0.7634662413617662
1963,0.24214676,0.7229892,-0.7599570315037086
1964,0.24482876,0.71916097,-0.7565038100086849
1965,0.24552669,0.71910864,-0.7562852720284386
1966,0.246345305,0.713543,-0.7549396600878131
1967,0.246345305,0.713543,-0.7536054980288058
1968,0.246345305,0.712321235,-0.753814869953345
1969,0.24980228,0.713255475,-0.755769946007254
1970,0.25066197,0.712321235,-0.7547105009437267
1971,0.25143829,0.712321235,-0.7499990604685266
1972,0.2520538,0.70839758,-0.7509368465962739
1973,0.25433571,0.70856578,-0.7512899102611202
1974,0.25463862,0.70856578,-0.7508272179730057
1975,0.25463862,0.70856578,-0.7531046125736524
1976,0.25463862,0.70839758,-0.7576795624067384
1977,0.254350005,0.70839758,-0.7530413786385604
1978,0.25124913,0.70839758,-0.7520111262657051
1979,0.23985505,0.6977344750000001,-0.7531064805806512
1980,0.23944898,0.6977344750000001,-0.7534991819130241
1981,0.23646152,0.6977344750000001,-0.7602908349717246
1982,0.23646152,0.69603562,-0.7586221020390926
1983,0.23944898,0.6984718,-0.756441838523725
1984,0.23944898,0.6993828,-0.7583698662786807
1985,0.23985505,0.6984718,-0.7614288581971053
1986,0.23985505,0.6984718,-0.759410787601456
1987,0.24457572,0.6984142,-0.7523829620830996
1988,0.24548854,0.6946709,-0.7522957293066362
1989,0.24742463,0.6946709,-0.7411533930537166
1990,0.28068431,0.6653946,-0.7426568730612254
1991,0.31998658,0.6029957,-0.7444296602902604
1992,0.39950758,0.512697,-0.7456690323401585
1993,0.50702107,0.41662914,1.5814450576892134
1994,0.517240645,0.40970802,1.5943875749295788
1995,0.517240645,0.4037562,1.6164791250047308
1996,0.5185819,0.402823405,1.6145838641328674
1997,0.5222154,0.40147224,1.6069734397085569
1998,0.5241827,0.40147224,1.6170420366603282
1999,0.5259036699999999,0.39852755,1.6113691279422893
2000,0.529548,0.39852755,1.6067793964578247
2001,0.529548,0.39852755,1.572672536732128
2002,0.5306854249999999,0.39996028,1.5737960426389397
2003,0.531124665,0.401824445,1.5721020680839861
2004,0.531124665,0.40193035,1.569752972385971
2005,0.533731885,0.40193035,1.563885566409361
2006,0.533731885,0.4024334149999999,1.5603912766485621
2007,0.533731885,0.4024334149999999,1.5622293415846078
2008,0.534037055,0.4024334149999999,1.5884987430828512
2009,0.5342594,0.4024334149999999,1.587370770064679
2010,0.5344862850000001,0.403878745,1.587815191071541
2011,0.5342594,0.4138231599999999,1.5964088326298527
2012,0.5342594,0.41499668,1.6024700039386641
2013,0.534037055,0.41499668,1.6097170438587518
2014,0.5342594,0.41499668,1.6219504422280568
2015,0.5342594,0.416380565,1.6175293887434776
2016,0.5342594,0.4171725,1.6236106735215716
2017,0.5251869650000001,0.41896272,1.6174223156206362
2018,0.523656,0.4214119149999999,1.622052697656649
2019,0.47672874,0.52166253,1.6319521917380837
2020,0.43152951,0.6102425499999999,1.6318479534660608
2021,0.43152951,0.6102425499999999,1.6298055406813685
2022,0.40429795,0.6320802,-0.10259361250829242
2023,0.39361525,0.8063802,1.2029349692833458
2024,0.39161038,0.8063802,1.2054234761031217
2025,0.38299888,0.8070069,1.2168945554999901
2026,0.38299888,0.8070069,1.2060684659448107
2027,0.37449062,0.8063802,1.201077219327989
2028,0.37449062,0.795222195,1.1885009321690878
2029,0.3817793,0.75670697,1.1922238446768498
2030,0.384689525,0.75670697,1.1929362084870216
2031,0.384689525,0.78340426,1.19050964713367
2032,0.3890386,0.795222195,1.1681003927143074
2033,0.39044893,0.795222195,1.1613991587380974
2034,0.39044893,0.7907086,1.1886342949882966
2035,0.409182515,0.7907086,1.1211007431053082
2036,0.41296646,0.7907086,1.1153874511460111
2037,0.483858945,0.766190615,1.0377271626100912
2038,0.54928875,0.7346451,1.208399785198947
2039,0.55383736,0.72897446,1.7666115598547596
2040,0.55774355,0.7275015,1.75912217413702
2041,0.5622536,0.7225405,1.7144322538133427
2042,0.5644195,0.7213459,1.7253289880100477
2043,0.56491995,0.719854,1.6892524546712915
2044,0.56811985,0.7146293,1.744802233820504
2045,0.5681403,0.7049929,1.7945655655077963
2046,0.568502375,0.7051713,1.7460596956131123
2047,0.568502375,0.7051713,1.7702753428879332
2048,0.5725709299999999,0.7051713,1.7400084899877089
2049,0.5744116,0.7051713,1.7122699466007887
2050,0.57471704,0.7051713,1.6733816442178455
2051,0.57838833,0.7051713,1.6883444269479924
2052,0.582856985,0.706226365,1.656688706288644
2053,0.58307157,0.7083030699999999,1.6728637708213132
2054,0.5840627,0.71449315,1.6434363552592617
2055,0.58307157,0.7149822,1.5699486259150812
2056,0.58086832,0.7153545,1.5806453987443703
2057,0.5790106500000001,0.71968013,1.591817886402223
2058,0.57825443,0.7244666,1.6209069291815008
2059,0.57825443,0.7222786,1.643796987225696
2060,0.57746993,0.7222786,1.5548984497196914
2061,0.5745918999999999,0.7244666,1.5510800692986924
2062,0.57435205,0.725951915,1.5862286402195263
2063,0.57435205,0.7284213,1.4623924137425857
2064,0.57387338,0.728591085,1.457468808477977
2065,0.5736418,0.7284213,1.450877603653283
2066,0.5736418,0.7284213,1.4479093804817011
2067,0.5736418,0.7287614,1.4621431015155155
2068,0.5736418,0.72964425,1.160144310331596
2069,0.5720871,0.7304067,1.1289197452642228
2070,0.56813523,0.73152945,1.1241950466660813
2071,0.56813018,0.73152945,1.1224276115088712
2072,0.56813018,0.73340655,1.1074892083900467
2073,0.56813523,0.73340655,1.109254897027581
2074,0.56883717,0.73152945,1.143835507111499
2075,0.5705037,0.73152945,1.1888410341190219
2076,0.5736858499999999,0.73141627,1.1813032742590412
2077,0.589854275,0.73130167,1.165455586330523
2078,0.59571705,0.7307959150000001,1.1752295004336364
2079,0.598282575,0.73130167,1.160241315730742
2080,0.6007657,0.73141627,1.1623348144419863
2081,0.601997345,0.7366720250000001,1.1102463850497406
2082,0.60444245,0.7381946349999999,1.1347850539430204
2083,0.60444245,0.7391444,1.1353834373121343
2084,0.6044536,0.739181225,1.117013569511241
2085,0.60557275,0.7402328,1.1116412019057655
2086,0.6056938350000001,0.741304875,1.1444588655269192
2087,0.6058879699999999,0.7410022599999999,1.1479579009823362
2088,0.607937535,0.740761675,1.163558269190611
2089,0.6080186999999999,0.7410022599999999,1.1345857420231027
2090,0.6097223,0.7410022599999999,1.1190756835798619
2091,0.6111993149999999,0.73887645,1.1027893961616413
2092,0.6111993149999999,0.7350733,1.0951806080088569
2093,0.6100778,0.7347737,1.0777273736310224
2094,0.6100778,0.7336441,1.0737532228614075
2095,0.6100778,0.7348397,1.0344465572033867
2096,0.60996345,0.7326695249999999,1.0057494236893547
2097,0.609931055,0.731772695,0.9919149035012097
2098,0.609931055,0.72924215,0.9478574214292187
2099,0.6097328,0.72680134,0.922340587824708
2100,0.609368025,0.724560325,0.9350785161611839
2101,0.6097328,0.721315355,1.7033814502079423
2102,0.6097328,0.721315355,1.6986690319263986
2103,0.6097328,0.7179997499999999,1.7431431129499158
2104,0.609368025,0.7179997499999999,1.7183916991770551
2105,0.607934445,0.7179997499999999,1.7088907603420782
2106,0.60700547,0.7179997499999999,1.7108430633072969
2107,0.59972713,0.649095135,1.7285392792805343
2108,0.5826827,0.57735655,1.7582332118055337
2109,0.5812961999999999,0.49660115,1.7153243029259961
2110,0.5748808,0.49660115,1.6943221568512516
2111,0.5748808,0.49097273,1.7083193045238894
2112,0.57373238,0.48895198,1.6777564436519496
2113,0.5719167000000001,0.48723204,1.7325562282286184
2114,0.5719167000000001,0.48612794,1.7361589726444175
2115,0.5719167000000001,0.48895198,1.739291259049151
2116,0.572322695,0.489554385,1.6742910974606644
2117,0.573064985,0.489554385,1.6559529300190012
2118,0.573064985,0.49330127,1.6592132089695626
2119,0.57341648,0.499591365,1.638803839551654
2120,0.573064985,0.50047171,1.6507150650468567
2121,0.573064985,0.5021054,1.6531746824244593
2122,0.5716745999999999,0.5031529,1.6570648879026604
2123,0.568317265,0.50436545,1.6628407828554208
2124,0.56634635,0.50817237,1.672373349204396
2125,0.56602335,0.5086135,1.6802817237604681
2126,0.54728818,0.5174704,1.679889154843312
2127,0.45934442,0.58818605,1.655049400973179
2128,0.42003477,0.5910175,1.649193730015462
2129,0.399740845,0.6162737,-0.7977497973480554
2130,0.31905007,0.6919209,0.9749666291034663
2131,0.31388775,0.7056101850000001,0.9680535623937055
2132,0.31364495,0.709085625,0.961772712970489
2133,0.31143898,0.70965865,0.9607178398480114
2134,0.31143898,0.70965865,0.9485034951218438
2135,0.31251127,0.70965865,0.9493369395137523
2136,0.31425154,0.7148051,0.9320587080022283
2137,0.3185593,0.7203746,0.892652939326889
2138,0.31889296,0.7212864,0.8972722294077996
2139,0.32068056,0.7212864,0.896819592497942
2140,0.32147112,0.7275183,0.8752793779804094
2141,0.32168323,0.7296444,0.8454406216085667
2142,0.32168323,0.7296444,0.8546471081162947
2143,0.32168323,0.7296444,0.9604152346883417
2144,0.32188344,0.7296444,0.9554990912881998
2145,0.32219094,0.7275183,1.028150491080026
2146,0.32219094,0.7222346,1.0360786021472626
2147,0.32417962,0.7096067,0.9669506739451504
2148,0.378101265,0.69606015,0.9771095298521506
2149,0.37901117,0.6878850000000001,0.9721564305969687
2150,0.41553049,0.641446205,1.7017107707071037
2151,0.41145848,0.642700475,1.6772448186831623
2152,0.378101265,0.688544335,0.9767721829678375
2153,0.378101265,0.688544335,0.9766402647813969
2154,0.3257135,0.688544335,0.9684596604185008
2155,0.29885918,0.688544335,0.9621477586116272
2156,0.29475994,0.688544335,0.023685026816826653
2157,0.27900803,0.688544335,-0.7741145554353231
2158,0.26846745,0.688544335,-0.77853692019731
2159,0.26846745,0.68594142,-0.7755386996669034
2160,0.27695423,0.6848489,-0.7750102112518837
2161,0.27695423,0.6856008499999999,-0.7762945257659827
2162,0.277480155,0.6856008499999999,-0.7803245210518471
2163,0.27900803,0.6856008499999999,-0.7810596925267006
2164,0.287799115,0.6856008499999999,-0.7831910889036389
2165,0.287799115,0.68071445,-0.7709993734507475
2166,0.287799115,0.6856008499999999,-0.7774925616200462
2167,0.287799115,0.6856008499999999,-0.7709131151220301
2168,0.411703795,0.55717694,-0.7661759289255503
2169,0.42133555,0.556068,1.8903756376178935
2170,0.42133555,0.5559395,1.922965771114477
2171,0.411703795,0.55717694,-0.7602665413205953
2172,0.4011901999999999,0.58776797,-0.7628790050948632
2173,0.4009400749999999,0.588653665,-0.7755777637052369
2174,0.4009400749999999,0.588653665,-0.7679361610385382
2175,0.39659398,0.5927132749999999,-0.7699302574491178
2176,0.39185598,0.594600875,-0.7592272161060328
2177,0.3598575,0.69176015,0.8146942780658759
2178,0.3678079,0.69176015,0.9113863318259952
2179,0.3678079,0.69176015,0.8753565999272054
2180,0.36605364,0.6965232,0.8204380616189538
2181,0.36605364,0.6965232,0.7021906591252829
2182,0.36605364,0.6965232,0.7958801101057512
2183,0.36801952,0.6903935999999999,0.8183927723797094
2184,0.4609195,0.62750137,1.9102262406934811
2185,0.4609195,0.62750137,1.8795232310255494
2186,0.40925602,0.6614829,1.970728284874266
2187,0.40925602,0.6348559300000001,2.0548344605682076
2188,0.37556988,0.6614829,-0.7602105539147596
2189,0.3682232,0.68268347,0.8875067560705122
2190,0.3682232,0.68268347,0.9414277471361335
2191,0.3680318,0.6899364,1.0239348255068008
2192,0.3637449,0.6910323,1.0209106009944193
2193,0.3637449,0.6955558,1.011477704058977
2194,0.35322973,0.6910323,1.035251437533633
2195,0.35322973,0.6910323,1.0433979313577657
2196,0.35322973,0.6910323,1.0441686441190907
2197,0.35547715,0.68492043,1.0326106521946012
2198,0.35845038,0.68492043,1.0924681484813987
2199,0.35547715,0.6955558,1.071096760863116
2200,0.35547715,0.694417,1.0954503793880075
2201,0.35547715,0.68492043,1.131248949402842
2202,0.3532439,0.694417,1.1478862697995298
2203,0.35063845,0.694417,1.1409315103582245
2204,0.35031757,0.6996901,1.1238500275569294
2205,0.35031757,0.7016014,1.1283337568042393
2206,0.35031757,0.70103973,1.120711678930802
2207,0.35031757,0.7028743,1.125097828491866
2208,0.35518262,0.7031571,1.1119367763374637
2209,0.35565615,0.7058068,1.109747615311715
2210,0.35596418,0.7058068,1.0813006012415238
2211,0.356603,0.7058068,1.0971411148658312
2212,0.35770196,0.7028743,1.0736060695740832
2213,0.35845906,0.6854001,1.0590990910354794
2214,0.36923784,0.6674,-0.778430089783233
2215,0.4046075,0.666845575,1.7274187106075554
2216,0.411378335,0.666845575,1.7233292261060433
2217,0.41610044,0.6667649,1.722486888871114
2218,0.4213496599999999,0.6667649,1.7598232450282174
2219,0.4227022,0.666845575,1.7619732884346437
2220,0.4227022,0.666845575,1.764623664925807
2221,0.4227022,0.66685724,1.7391711854597127
2222,0.421549695,0.666845575,1.7351836661392037
2223,0.421549695,0.6667649,1.7160246149372518
2224,0.42377695,0.66752815,1.7199864920488321
2225,0.42383987,0.6683912599999999,1.698497449368309
2226,0.42383987,0.6688662700000001,1.6997563700307645
2227,0.4243916749999999,0.67066693,1.695603476317183
2228,0.4243916749999999,0.6774178200000001,1.719383789366101
2229,0.42444475,0.6794237750000001,1.72371623955951
2230,0.42497164,0.6794237750000001,1.7030914572309381
2231,0.4243916749999999,0.6794237750000001,1.7474088718136203
2232,0.4243916749999999,0.6774178200000001,1.7430260179965384
2233,0.4243916749999999,0.67508422,1.7112742747784173
2234,0.42497164,0.67508422,1.668011978032743
2235,0.425229045,0.6748807,1.6428537293107268
2236,0.42523723,0.66878757,1.6601898754662123
2237,0.423932995,0.66358909,1.6648666367064522
2238,0.423932995,0.6602604000000001,1.6690963217708772
2239,0.420773715,0.6602604000000001,1.7186906722754411
2240,0.420773715,0.65699637,1.7663111771713338
2241,0.42126822,0.65699637,1.7247574025738175
2242,0.42128039,0.65699637,1.744706902479745
2243,0.42126822,0.65699637,1.7753483719427714
2244,0.42126822,0.66163975,1.6946389733773926
2245,0.42126822,0.66554129,1.7046287417072823
2246,0.42126822,0.66557777,1.7008284299481369
2247,0.4216674,0.66557777,1.721337929732876
2248,0.42243059,0.66557777,1.7045112305507666
2249,0.42258346,0.66163975,1.6699903547859023
2250,0.42734711,0.6598972000000001,1.7274857362994758
2251,0.44387363,0.648421555,1.7565767840504576
2252,0.453510195,0.647684545,1.7303090932379712
2253,0.5437824200000001,0.469777915,1.7047138254422989
2254,0.56480974,0.300722255,1.690572943088658
2255,0.580986065,0.25555164,1.6584656834951128
2256,0.58192503,0.25374264,1.6437396918637028
2257,0.5838107,0.25318947,1.6346680717503959
2258,0.5839535,0.2513576,1.6125488926734455
2259,0.5840868,0.2513576,1.5979891600796423
2260,0.5840868,0.2513576,1.6075631112285316
2261,0.5839535,0.25292936,1.5663396395747966
2262,0.5838107,0.25346506,1.562110237181744
2263,0.5846373,0.25346506,1.587262524606052
2264,0.59059547,0.25292936,1.5980467590223613
2265,0.591785165,0.25444362,1.6034686505482132
2266,0.59184305,0.25481036,1.678536069219071
2267,0.59124843,0.256654885,1.6765458904335178
2268,0.587032725,0.26105142,1.694123340042137
2269,0.587032725,0.2612632,1.6770982234563154
2270,0.5867602,0.2674756,1.6668476627031295
2271,0.58588386,0.2744848,1.6726809333847203
2272,0.58151105,0.281523125,1.657719767482861
2273,0.58088115,0.281615955,1.6625650039428357
2274,0.58088115,0.30022529,1.6661075620068593
2275,0.58088115,0.301504015,1.6900237300584855
2276,0.58088115,0.303400425,1.6808177048579023
2277,0.58088115,0.303400425,1.6934806436841343
2278,0.58088115,0.303400425,1.6837281909686908
2279,0.58134085,0.303400425,1.6884984566579953
2280,0.58134085,0.303400425,1.6815304502355297
2281,0.5823612,0.29866725,1.6703173801267053
2282,0.5823612,0.29701203,1.7180820042333904
2283,0.5823612,0.29074708,1.762315138583375
2284,0.5823612,0.29040962,1.7402742197583039
2285,0.5804144,0.29040962,1.7380325249187991
2286,0.58075517,0.29040962,1.716588101298063
2287,0.58075517,0.29060936,1.6830773499155072
2288,0.58075517,0.29060936,1.6760941689460094
2289,0.58319163,0.291175945,1.6678963651739511
2290,0.58319163,0.291175945,1.6786298408130402
2291,0.58319163,0.2935847,1.7049920835450103
2292,0.58319163,0.29268926,1.7063326747500547
2293,0.5821829,0.29268926,1.7103140600062006
2294,0.5816282,0.29268926,1.7187382783758514
2295,0.5816282,0.289808075,1.7258423495167496
2296,0.5816282,0.28767446,1.740580400680225
2297,0.5836006,0.285109,1.726959059721234
2298,0.5836006,0.28348485,1.7325833139863474
2299,0.5836006,0.2834497,1.71315381614562
2300,0.5836006,0.27858096,1.6990710793711492
2301,0.5836264,0.27732795,1.6988105913400313
2302,0.58809495,0.27732795,1.7024106221018567
2303,0.58809495,0.27663543,1.6985257978833044
2304,0.5886450750000001,0.2758076,1.6933988777959486
2305,0.5906226050000001,0.27174659,1.6913503908344174
2306,0.5945447399999999,0.27186167,1.69186714444089
2307,0.59762156,0.27288473,1.685437369136135
2308,0.60288984,0.27663543,1.6946810109249173
2309,0.60288984,0.2758076,1.6980198135401723
2310,0.60288984,0.27572885,1.6725944062673428
2311,0.60288984,0.27546367,1.6595873475392093
2312,0.60288984,0.27572885,1.6705418264203664
2313,0.60288984,0.27787253,1.662931254562168
2314,0.60045163,0.27546367,1.6786941647776232
2315,0.60045163,0.27572885,1.636741815550283
2316,0.60045163,0.27572885,1.6415558593727961
2317,0.60045163,0.27572885,1.629840311518877
2318,0.599137125,0.286280435,1.6333910291203035
2319,0.599137125,0.286280435,1.6362095025938908
2320,0.599137125,0.286280435,1.6324051154616894
2321,0.60064043,0.2877416,1.6406812415692467
2322,0.60064043,0.2877416,1.628083650528805
2323,0.599137125,0.286280435,1.6240370840651759
2324,0.60332677,0.28762877,1.6348328377623031
2325,0.60332677,0.28762877,1.6481166759920483
2326,0.6073729750000001,0.28762877,1.6395584387028874
2327,0.6073729750000001,0.28762877,1.6330484843369284
2328,0.6073729750000001,0.28762877,1.6216121595683723
2329,0.60351473,0.28762877,1.6353313031741195
2330,0.60351473,0.28762877,1.63035906034134
2331,0.60351473,0.28762877,1.632271976723781
2332,0.5737841,0.2551517,1.6384857607450964
2333,0.5737841,0.2551517,1.6529913189793273
2334,0.5737841,0.2551517,1.667417008654467
2335,0.5737841,0.2551517,1.6409214386075757
2336,0.5737841,0.2551517,1.6326036028919064
2337,0.5737841,0.2551517,1.6433273571759235
2338,0.5737841,0.2551517,1.6499544183024668
2339,0.61397403,0.27947074,1.6476578155237172
2340,0.61397403,0.27947074,1.65400022351902
2341,0.61397403,0.27947074,1.6604750798027839
2342,0.61397403,0.27947074,1.6622438094851517
2343,0.61397403,0.27947074,1.6548782330679896
2344,0.61106914,0.27947074,1.663257289561704
2345,0.61106914,0.27947074,1.6840717640185436
2346,0.61106914,0.27947074,1.663772800307099
